step,system_total_stopped,system_total_waiting_time,system_mean_waiting_time,system_mean_speed,TL_stopped,TL_accumulated_waiting_time,TL_average_speed,agents_total_stopped,agents_total_accumulated_waiting_time
0.0,0,0.0,0.0,0.0,0,0.0,1.0,0,0.0
5.0,0,0.0,0.0,0.0,0,0.0,1.0,0,0.0
10.0,0,0.0,0.0,0.0,0,0.0,1.0,0,0.0
15.0,0,0.0,0.0,11.970285706338473,0,0.0,0.847956880732738,0,0.0
20.0,0,0.0,0.0,13.77751394434112,0,0.0,0.973647617252372,0,0.0
25.0,0,0.0,0.0,13.939285919624165,0,0.0,0.9858921200811711,0,0.0
30.0,0,0.0,0.0,13.337014174341702,0,0.0,0.9465078240727692,0,0.0
35.0,0,0.0,0.0,13.315597775238993,0,0.0,0.9293649046531892,0,0.0
40.0,0,0.0,0.0,13.873246063433797,0,0.0,0.9554702008023035,0,0.0
45.0,0,0.0,0.0,13.898770612316428,0,0.0,0.9542890850867846,0,0.0
50.0,0,0.0,0.0,14.378925998882425,0,0.0,0.9873287460069321,0,0.0
55.0,0,0.0,0.0,13.400640541984881,0,0.0,0.9547765574408906,0,0.0
60.0,0,0.0,0.0,13.262175152317315,0,0.0,0.941465766596201,0,0.0
65.0,0,0.0,0.0,12.406562860138473,0,0.0,0.8894266958661659,0,0.0
70.0,1,5.0,0.4166666666666667,12.59091059391391,1,5.0,0.9009203994469924,1,5.0
75.0,1,10.0,0.7142857142857143,12.5965398234238,1,10.0,0.9012813096185837,1,10.0
80.0,1,15.0,1.0714285714285714,12.690465887911213,1,15.0,0.9067470477635078,1,15.0
85.0,2,21.0,1.3125,11.58432127166806,2,21.0,0.8020696486759268,2,21.0
90.0,3,32.0,2.0,11.087807813471379,3,32.0,0.7628227385339953,3,32.0
95.0,3,47.0,2.473684210526316,11.143093018749246,3,47.0,0.758749763216559,3,47.0
100.0,3,62.0,2.5833333333333335,11.359018960733835,3,62.0,0.8022484397484685,3,62.0
105.0,3,77.0,2.8518518518518516,11.854545196571099,3,77.0,0.8416968629336035,3,77.0
110.0,3,92.0,3.1724137931034484,11.701514900906734,3,92.0,0.8312565729125674,3,92.0
115.0,5,112.0,3.8620689655172415,10.319613805583367,5,112.0,0.7194695218374256,5,112.0
120.0,8,148.0,4.933333333333334,9.999084580485967,8,148.0,0.6891224436108131,8,148.0
125.0,8,188.0,5.529411764705882,10.045826959798971,8,188.0,0.7002329461233484,8,188.0
130.0,10,234.0,6.685714285714286,9.297914424901082,10,234.0,0.644232332456299,10,234.0
135.0,11,287.0,7.756756756756757,9.418579813516446,11,287.0,0.6623978280882727,11,287.0
140.0,9,306.0,7.846153846153846,9.212254138308518,9,340.0,0.6578649046175418,9,340.0
145.0,9,327.0,7.975609756097561,9.649019956343404,9,327.0,0.725990858328636,9,327.0
150.0,9,372.0,8.454545454545455,9.740770200253156,9,372.0,0.7164812780149571,9,372.0
155.0,10,418.0,9.28888888888889,10.161005331888324,10,418.0,0.706875476584515,10,418.0
160.0,11,425.0,8.333333333333334,9.135740686402412,11,472.0,0.6054813981158025,11,472.0
165.0,14,464.0,8.436363636363636,9.305696948457364,14,464.0,0.6397363077482751,14,464.0
170.0,15,527.0,9.086206896551724,9.31048903784978,15,535.0,0.6324239156117065,15,535.0
175.0,16,604.0,9.587301587301587,9.579616737624397,16,604.0,0.6542182804054972,16,604.0
180.0,13,623.0,9.028985507246377,9.89150257000001,13,681.0,0.6709779707687794,13,681.0
185.0,13,688.0,9.555555555555555,10.275404584929747,13,688.0,0.7108350686083589,13,688.0
190.0,14,757.0,9.582278481012658,10.35687742701729,14,757.0,0.7029967597047243,14,757.0
195.0,18,840.0,10.120481927710843,10.259513756186974,18,840.0,0.6792322260589019,18,840.0
200.0,18,920.0,10.69767441860465,10.171618944445754,18,936.0,0.6699984204331726,18,936.0
205.0,18,1002.0,11.788235294117648,9.985613018062512,18,1002.0,0.6750950597220529,18,1002.0
210.0,20,1061.0,12.337209302325581,9.614987865210024,20,1101.0,0.6393942254382479,20,1101.0
215.0,21,1154.0,12.68131868131868,9.824690255322174,21,1154.0,0.6688021670519816,21,1154.0
220.0,25,1266.0,13.1875,9.560875435964372,25,1258.0,0.6410004777826527,25,1258.0
225.0,33,1408.0,14.222222222222221,8.514264436541168,33,1400.0,0.5595991856461968,33,1400.0
230.0,36,1584.0,15.085714285714285,8.001365929557382,36,1576.0,0.5208876710685809,36,1576.0
235.0,43,1790.0,16.126126126126128,7.715447968185962,43,1782.0,0.5016044489749975,43,1782.0
240.0,46,2018.0,17.247863247863247,7.9974588647322635,46,2010.0,0.5331791173498801,46,2010.0
245.0,47,2250.0,19.06779661016949,7.286934287821587,47,2242.0,0.48764433783447597,47,2242.0
250.0,56,2519.0,20.31451612903226,6.865112083093941,56,2511.0,0.45955404437855185,56,2511.0
255.0,54,2678.0,21.950819672131146,6.64851557599821,54,2798.0,0.45761883388588764,54,2798.0
260.0,53,2926.0,22.68217054263566,6.984040189838874,53,2926.0,0.49856370354126645,53,2926.0
265.0,48,2282.0,17.029850746268657,7.223484167257958,48,3190.0,0.49896037243964314,48,3190.0
270.0,29,589.0,4.428571428571429,7.247338651711326,29,1923.0,0.5165276793742396,29,1923.0
275.0,20,244.0,1.7428571428571429,7.9038109258222775,20,2026.0,0.5412167065187282,20,2026.0
280.0,38,344.0,2.4055944055944054,7.6497644326723435,38,2157.0,0.5006885822139584,38,2157.0
285.0,56,472.0,3.1052631578947367,7.491446339257515,56,2402.0,0.46976567069031533,56,2402.0
290.0,62,657.0,4.132075471698113,7.24957923438873,62,2511.0,0.44587891204387753,62,2511.0
295.0,67,869.0,5.298780487804878,7.274177948463203,67,2765.0,0.44126828652723027,67,2765.0
300.0,43,578.0,3.4201183431952664,7.483123792437311,43,2008.0,0.46453715897543674,43,2008.0
305.0,27,325.0,1.867816091954023,7.8455805866037265,27,2168.0,0.4724917669228003,27,2168.0
310.0,45,472.0,2.651685393258427,7.6910021299716265,45,2317.0,0.43796772445461984,45,2317.0
315.0,65,737.0,4.11731843575419,7.236582460931087,65,2605.0,0.39039613909473686,65,2605.0
320.0,81,1093.0,6.0054945054945055,7.0926413195931755,81,2901.0,0.3860278620834279,81,2901.0
325.0,83,1401.0,7.614130434782608,6.737894315224642,83,3329.0,0.3613977385009333,83,3329.0
330.0,62,1213.0,6.664835164835165,6.5372303500161335,62,2692.0,0.3736061502766993,62,2692.0
335.0,41,1042.0,5.602150537634409,7.067879119086578,41,2452.0,0.4276996410330807,41,2452.0
340.0,43,1046.0,5.419689119170984,7.105113464201441,43,2652.0,0.40934529450283313,43,2652.0
345.0,66,1307.0,6.567839195979899,6.998087587197058,66,2894.0,0.386434237590237,66,2894.0
350.0,82,1619.0,7.897560975609756,6.666933695882724,82,3281.0,0.35936961618122304,82,3281.0
355.0,70,1701.0,8.061611374407583,6.853946472532313,70,2903.0,0.3944328304699556,70,2903.0
360.0,50,1795.0,8.671497584541063,7.388739467921285,50,2781.0,0.45575069925680467,50,2781.0
365.0,52,1973.0,9.262910798122066,7.834421242157964,52,2971.0,0.47600139859275603,52,2971.0
370.0,69,2278.0,10.497695852534562,7.544996950465962,69,3269.0,0.43246632869463264,69,3269.0
375.0,90,2633.0,11.86036036036036,7.140651099612968,90,3688.0,0.39335734499093983,90,3688.0
380.0,68,2770.0,12.311111111111112,7.2771121675872665,68,3613.0,0.4142875965101958,68,3613.0
385.0,54,2941.0,12.842794759825328,7.734906892714767,54,3592.0,0.4615458329176561,54,3592.0
390.0,56,3220.0,13.879310344827585,8.257316832580097,56,3519.0,0.490991229549326,56,3519.0
395.0,60,3512.0,14.94468085106383,8.691407825763324,60,3557.0,0.49830021892068443,60,3557.0
400.0,66,3809.0,16.00420168067227,8.566688845260671,66,3868.0,0.4652972913613806,66,3868.0
405.0,82,4188.0,17.305785123966942,8.209610984557209,82,4233.0,0.4347727263142367,82,4233.0
410.0,88,4569.0,18.573170731707318,7.862590708785024,88,4676.0,0.40686056012972543,88,4676.0
415.0,73,4781.0,19.674897119341562,7.552844890662733,73,4933.0,0.39604991021396735,73,4933.0
420.0,79,5123.0,21.169421487603305,7.220427689871984,79,5310.0,0.3716296632869883,79,5310.0
425.0,99,5575.0,22.123015873015873,7.279590999371213,99,5754.0,0.3748858342583643,99,5754.0
430.0,107,6038.0,23.96031746031746,7.0665124081815645,107,6244.0,0.3618767848272286,107,6244.0
435.0,89,6314.0,23.916666666666668,7.425047865498914,89,6535.0,0.4134438545504185,89,6535.0
440.0,95,6727.0,24.914814814814815,7.271140950362761,95,6982.0,0.4013952525805807,95,6982.0
445.0,115,7260.0,26.304347826086957,7.218693428864497,115,7516.0,0.4016412714786464,115,7516.0
450.0,124,7714.0,28.464944649446494,7.058985304162047,124,8128.0,0.41629780533258426,124,8128.0
455.0,126,8188.0,29.992673992673993,6.772560280918748,126,8506.0,0.4140492757016238,126,8506.0
460.0,128,8716.0,31.694545454545455,6.701329695885934,128,9155.0,0.4135232435124905,128,9155.0
465.0,107,8875.0,31.810035842293907,6.925035363721947,107,9353.0,0.44177241228603836,107,9353.0
470.0,114,9337.0,32.64685314685315,6.734486223237984,114,9891.0,0.4183279188996457,114,9891.0
475.0,134,9961.0,33.996587030716725,6.30881706513016,134,10507.0,0.3844064578760083,134,10507.0
480.0,156,10674.0,34.76872964169381,6.185730304804203,156,11247.0,0.3787846440817361,156,11247.0
485.0,159,11402.0,35.74294670846395,6.19631189754061,159,11936.0,0.38380855993288804,159,11936.0
490.0,169,12227.0,37.73765432098765,5.860043534898478,169,12736.0,0.35801476536556337,169,12736.0
495.0,184,13122.0,40.37538461538462,5.47741929393757,184,13609.0,0.33966245187122,184,13609.0
500.0,188,13883.0,42.45565749235474,5.01817741425554,188,14552.0,0.30873285309081333,188,14552.0
505.0,173,13967.0,41.69253731343284,5.042578919334854,173,14829.0,0.3138754553811738,173,14829.0
510.0,162,14345.0,41.57971014492754,5.131497738610826,162,15650.0,0.315755996055633,162,15650.0
515.0,175,15036.0,42.594900849858355,5.054334931176351,175,16475.0,0.3093070691019046,175,16475.0
520.0,198,15958.0,44.327777777777776,4.754941324637506,198,17406.0,0.28123946550694134,198,17406.0
525.0,225,17025.0,47.030386740331494,4.2688053260149665,225,18478.0,0.2545075496521628,225,18478.0
530.0,239,18086.0,48.48793565683646,4.192165288808197,239,19660.0,0.25395210977307314,239,19660.0
535.0,220,18692.0,49.31926121372032,4.2945958723696736,220,20065.0,0.26775898618174704,220,20065.0
540.0,210,19344.0,50.375,4.322067287271207,210,21122.0,0.26467412099930554,210,21122.0
545.0,215,20041.0,50.99491094147583,4.288588882715251,215,22167.0,0.25538796708913536,215,22167.0
550.0,228,21019.0,52.5475,4.205540401068942,228,23267.0,0.250998981356211,228,23267.0
555.0,245,22122.0,53.824817518248175,3.97830148054002,245,24462.0,0.23478971864636813,245,24462.0
560.0,244,22945.0,55.02398081534772,3.8751420563443464,244,24981.0,0.22688556262247347,244,24981.0
565.0,250,23857.0,56.80238095238095,3.720458754995175,250,26214.0,0.21986664110250306,250,26214.0
570.0,254,24846.0,57.11724137931034,3.9574689411088917,254,27466.0,0.23670364671612368,254,27466.0
575.0,254,25869.0,58.52714932126697,3.8085756473011663,254,28732.0,0.22751081497159323,254,28732.0
580.0,275,27168.0,59.841409691629956,3.9047767483331466,275,30061.0,0.23113606680507573,275,30061.0
585.0,300,28610.0,62.19565217391305,3.6590110489633885,300,31506.0,0.21148834464044577,300,31506.0
590.0,322,30024.0,64.15384615384616,3.5481895429013046,322,32996.0,0.20401200435409295,322,32996.0
595.0,316,30947.0,65.28902953586498,3.481826367127621,316,33710.0,0.20558125029612553,316,33710.0
600.0,305,31924.0,66.50833333333334,3.392296569480007,305,35250.0,0.19712636906569816,305,35250.0
605.0,320,32985.0,67.87037037037037,3.195239144448442,320,36817.0,0.18396389190526577,320,36817.0
610.0,324,34111.0,69.33130081300813,3.0618495562261017,324,38427.0,0.172852404229582,324,38427.0
615.0,331,35372.0,69.90513833992095,3.0311233784603173,331,40074.0,0.174308210555942,331,40074.0
620.0,347,36951.0,72.169921875,2.9539154238402134,347,41768.0,0.1739662615548391,347,41768.0
625.0,369,38751.0,75.24466019417476,2.754734592733496,369,43570.0,0.1695184694866924,369,43570.0
630.0,393,40667.0,77.75717017208413,2.6011705774186,393,45492.0,0.15722067910677098,393,45492.0
635.0,420,42719.0,79.69962686567165,2.6478355469074897,420,47546.0,0.15993247260470658,420,47546.0
640.0,428,44618.0,81.41970802919708,2.6157089077730715,428,49688.0,0.15918765022889886,428,49688.0
645.0,411,45597.0,82.0089928057554,2.661017192492134,411,50477.0,0.16127681822410864,411,50477.0
650.0,408,46707.0,82.96092362344582,2.6156725718852316,408,52511.0,0.15255561641356113,408,52511.0
655.0,409,47833.0,84.66017699115044,2.476385799482477,409,54555.0,0.1470825321402037,409,54555.0
660.0,420,49079.0,86.25483304042179,2.1743076057084765,420,56634.0,0.1284633562111839,420,56634.0
665.0,424,50304.0,87.33333333333333,2.1257631602354525,424,58759.0,0.12359824093014021,424,58759.0
670.0,433,51713.0,87.79796264855688,2.112000773377117,433,60903.0,0.12331410481143606,433,60903.0
675.0,436,53437.0,89.81008403361345,2.0190246358647244,436,63077.0,0.11734505506425136,436,63077.0
680.0,459,55635.0,92.11092715231788,2.001633441101734,459,65324.0,0.11806431854901842,459,65324.0
685.0,480,55562.0,90.49185667752442,1.8973680166340816,480,67686.0,0.1117968564887624,480,67686.0
690.0,477,47663.0,75.89649681528662,2.032519855442188,477,65285.0,0.1189773711501911,477,65285.0
695.0,476,41743.0,65.42789968652038,2.1703914310479453,476,67673.0,0.1241643602474729,476,67673.0
700.0,454,35788.0,55.31375579598145,2.36150598958528,454,68253.0,0.13085445264794204,454,68253.0
705.0,433,31386.0,47.69908814589666,2.6207488637266225,433,69629.0,0.14756323456871145,433,69629.0
710.0,413,27571.0,41.64803625377643,2.808508400541643,413,70034.0,0.15323293116334286,413,70034.0
715.0,402,22996.0,34.322388059701495,2.8212995917578487,402,71804.0,0.1480759235392897,402,71804.0
720.0,401,20136.0,29.611764705882354,2.8732465220997736,401,73757.0,0.14969682987034386,401,73757.0
725.0,402,16913.0,24.26542324246772,2.9017224005334303,402,75773.0,0.15192152100050552,402,75773.0
730.0,410,15564.0,22.139402560455192,2.771516394574244,410,77817.0,0.14263906403056448,410,77817.0
735.0,415,13702.0,19.19047619047619,2.749494185215994,415,79889.0,0.13891852962984289,415,79889.0
740.0,420,12886.0,17.773793103448277,2.754410233294391,420,81972.0,0.13766447897618553,420,81972.0
745.0,440,13007.0,17.624661246612465,2.702135558369511,440,84103.0,0.13550528194377856,440,84103.0
750.0,459,13563.0,18.180965147453083,2.5465218294643988,459,86343.0,0.12738505412547393,459,86343.0
755.0,470,14908.0,19.8508655126498,2.3645273088351138,470,88334.0,0.12205158762675813,470,88334.0
760.0,476,15919.0,21.08476821192053,2.1276530205440918,476,89245.0,0.11270795458511201,476,89245.0
765.0,489,17333.0,22.83662714097497,2.1487102868566184,489,90443.0,0.11874754404618405,489,90443.0
770.0,510,18904.0,24.678851174934724,2.2781081228963993,510,90864.0,0.12508601256350746,510,90864.0
775.0,500,19780.0,25.391527599486523,2.448767550692817,500,93288.0,0.1325521986553489,500,93288.0
780.0,502,19051.0,24.237913486005088,2.4412685844100896,502,90853.0,0.13085451428568715,502,90853.0
785.0,501,18944.0,23.739348370927317,2.4703065825576584,501,93221.0,0.13172196249850232,501,93221.0
790.0,485,18552.0,22.84729064039409,2.606295086450925,485,93931.0,0.13901767950787905,485,93931.0
795.0,464,18052.0,21.961070559610704,2.612777586818813,464,95735.0,0.13678040242269812,464,95735.0
800.0,445,17930.0,21.44736842105263,2.602579168045687,445,93627.0,0.13294402523386997,445,93627.0
805.0,402,16060.0,18.827667057444316,2.67405553175132,402,94516.0,0.1352516856206344,402,94516.0
810.0,367,15172.0,17.49942329873126,2.8788123203923304,367,94360.0,0.1463856608851546,367,94360.0
815.0,357,14292.0,16.222474460839955,3.00672704737201,357,96015.0,0.1529480420735555,357,96015.0
820.0,362,13814.0,15.503928170594838,2.816008126535125,362,97692.0,0.13982649661356258,362,97692.0
825.0,385,13905.0,15.467185761957731,2.6005826019215506,385,99660.0,0.1234842883277897,385,99660.0
830.0,413,14442.0,16.046666666666667,2.2779155713113948,413,101663.0,0.10854557066282758,413,101663.0
835.0,443,15141.0,16.547540983606556,2.1759968168183965,443,103793.0,0.10387608939026019,443,103793.0
840.0,468,15861.0,17.27777777777778,1.9900216373002977,468,106114.0,0.09931485219797016,468,106114.0
845.0,474,16174.0,17.41011840688913,1.930976177125085,474,106906.0,0.09712098310533432,474,106906.0
850.0,471,16742.0,17.886752136752136,1.8418416032024454,471,108242.0,0.08889945478809849,471,108242.0
855.0,490,17359.0,18.50639658848614,1.751592712463893,490,110648.0,0.08319683815048354,490,110648.0
860.0,519,18349.0,19.4375,1.6627640027554373,519,113135.0,0.08277239914500001,519,113135.0
865.0,543,19498.0,20.352818371607516,1.5989788431897782,543,115822.0,0.08077166553442822,543,115822.0
870.0,546,20665.0,21.436721991701244,1.4898077193948773,546,116785.0,0.07497015612730974,546,116785.0
875.0,541,22079.0,22.691675231243575,1.568859608869116,541,118491.0,0.07890571621577594,541,118491.0
880.0,547,23400.0,23.78048780487805,1.784123275736671,547,119304.0,0.08723235438760397,547,119304.0
885.0,543,25056.0,25.283551967709386,2.013861625714287,543,119962.0,0.09160510108211677,543,119962.0
890.0,547,26723.0,26.616533864541832,2.2862473288001652,547,121296.0,0.09985794016494762,547,121296.0
895.0,519,28258.0,27.92292490118577,2.5109451447916507,519,121526.0,0.10466459652258935,519,121526.0
900.0,526,30461.0,29.689083820662766,2.8472132543621154,526,122738.0,0.12124714917586484,526,122738.0
905.0,529,32858.0,31.808325266214908,3.094433086179166,529,123807.0,0.13103339948899745,529,123807.0
910.0,541,35432.0,34.433430515063165,3.223797651858539,541,125073.0,0.13471597993993598,541,125073.0
915.0,560,38162.0,36.48374760994264,3.449380330925784,560,126746.0,0.14410744023785946,560,126746.0
920.0,588,41035.0,38.78544423440454,3.557812465338085,588,128639.0,0.14080047097795853,588,128639.0
925.0,609,44015.0,41.020503261882574,3.7503917943652807,609,130946.0,0.14936771622032985,609,130946.0
930.0,625,47061.0,43.61538461538461,3.822454552174063,625,133545.0,0.15247325095564612,625,133545.0
935.0,644,49432.0,45.685767097966725,3.768618464909464,644,136626.0,0.15414715725614495,644,136626.0
940.0,658,48935.0,45.18467220683287,3.6018284680383323,658,133301.0,0.1477687324369982,658,133301.0
945.0,661,48977.0,45.56,3.402810102989232,661,136590.0,0.13895440096056572,661,136590.0
950.0,657,48844.0,45.64859813084112,3.1494419471917543,657,139437.0,0.12541823320198653,657,139437.0
955.0,648,48499.0,45.411048689138575,2.9203387062941686,648,142675.0,0.1120282197840143,648,142675.0
960.0,639,48335.0,45.771780303030305,2.700597951668364,639,139492.0,0.10734075075979997,639,139492.0
965.0,631,48967.0,46.45825426944972,2.5180525912271197,631,142575.0,0.0997167701014806,631,142575.0
970.0,622,48828.0,46.502857142857145,2.378603875326308,622,145155.0,0.096617377835279,622,145155.0
975.0,617,49433.0,47.16889312977099,2.362931732853983,617,147896.0,0.10072047843288615,617,147896.0
980.0,617,50208.0,47.95415472779369,2.349851763638244,617,150462.0,0.10057131316449877,617,150462.0
985.0,618,50670.0,48.53448275862069,2.470538440112915,618,152561.0,0.10682988286402693,618,152561.0
990.0,621,51380.0,49.16746411483253,2.5709454029748064,621,155047.0,0.1115488303337224,621,155047.0
995.0,613,51158.0,48.76835081029552,2.7282077644301626,613,157164.0,0.11771323858507768,613,157164.0
1000.0,621,51741.0,48.858356940509914,2.9009618175514333,621,159707.0,0.11864378291405946,621,159707.0
1005.0,624,52126.0,48.89868667917448,3.0646632775742204,624,162521.0,0.12609331862673331,624,162521.0
1010.0,628,52651.0,49.06896551724138,3.2301445639652164,628,165349.0,0.13168946482186863,628,165349.0
1015.0,623,53827.0,49.978644382544104,3.3720084457414914,623,168262.0,0.13582641543097085,623,168262.0
1020.0,626,54624.0,50.29834254143646,3.498911147810481,626,171230.0,0.14015634396616797,626,171230.0
1025.0,625,55387.0,50.76718606782768,3.594405433608179,625,174191.0,0.13948650554629707,625,174191.0
1030.0,633,56528.0,51.81301558203483,3.5484086057989477,633,177258.0,0.13095316082432334,633,177258.0
1035.0,639,57263.0,52.5348623853211,3.45423206894711,639,180369.0,0.11831882963562948,639,180369.0
1040.0,642,58588.0,53.75045871559633,3.2093013907200274,642,183577.0,0.10548512676038595,642,183577.0
1045.0,644,57392.0,52.79852805887764,2.984926245937609,644,179853.0,0.09409851392205983,644,179853.0
1050.0,644,56780.0,52.47689463955638,2.792679755095281,644,183048.0,0.08636329472498812,644,183048.0
1055.0,648,55542.0,51.33271719038817,2.7156761841022505,648,186044.0,0.08370665098762696,648,186044.0
1060.0,636,54553.0,50.69981412639405,2.7021528621462148,636,189157.0,0.09029964484787233,636,189157.0
1065.0,651,56226.0,52.7943661971831,2.6601415295234765,651,192095.0,0.09008312618059527,651,192095.0
1070.0,669,57528.0,54.89312977099237,2.4269548578193745,669,194927.0,0.08013623570275052,669,194927.0
1075.0,657,56499.0,54.273775216138326,2.286940185622759,657,191320.0,0.07307684162311827,657,191320.0
1080.0,668,55951.0,54.26867119301649,2.1961895872192487,668,191255.0,0.0723431034164965,668,191255.0
1085.0,653,55312.0,54.015625,2.3429162085467827,653,187291.0,0.08619926681874196,653,187291.0
1090.0,649,55867.0,54.98720472440945,2.4061301803855573,649,183699.0,0.09056065686495877,649,183699.0
1095.0,647,55614.0,54.95454545454545,2.327773836005749,647,186375.0,0.08476927982209907,647,186375.0
1100.0,622,54107.0,53.89143426294821,2.1963492013986983,622,189046.0,0.07820526169869868,622,189046.0
1105.0,600,52505.0,52.243781094527364,2.260529535695248,600,191579.0,0.08277849038595839,600,191579.0
1110.0,618,52394.0,52.13333333333333,2.3326044443029654,618,193215.0,0.0792252021060427,618,193215.0
1115.0,614,52272.0,51.96023856858847,2.5196276741762684,614,194267.0,0.08489472219058893,614,194267.0
1120.0,610,52984.0,52.77290836653386,2.6711351445235594,610,194741.0,0.09205555236021697,610,194741.0
1125.0,609,54128.0,54.18218218218218,2.7826641062670183,609,196563.0,0.09155264166566564,609,196563.0
1130.0,610,55777.0,55.888777555110224,2.896438760268568,610,198458.0,0.09747892304008925,610,198458.0
1135.0,606,55911.0,55.966966966966964,2.94299973679156,606,200408.0,0.10370211221945044,606,200408.0
1140.0,579,55154.0,55.319959879638915,2.9217181650995196,579,197571.0,0.10626945715667556,579,197571.0
1145.0,541,53601.0,54.14242424242424,2.7958252006829567,541,200202.0,0.1051452366184988,541,200202.0
1150.0,543,52808.0,53.72126144455748,2.6655516257411023,543,202001.0,0.0969274364081739,543,202001.0
1155.0,537,51610.0,52.342799188640974,2.761149507263248,537,203963.0,0.0991450285412353,537,203963.0
1160.0,535,50273.0,50.9868154158215,2.807274845492816,535,206700.0,0.10349703644389299,535,206700.0
1165.0,545,49362.0,50.16463414634146,2.8833832958616563,545,209146.0,0.1020135597930251,545,209146.0
1170.0,550,46860.0,48.01229508196721,2.869586530265848,550,210832.0,0.10190858748013949,550,210832.0
1175.0,532,45348.0,46.89555325749741,2.872348009706859,532,213102.0,0.10342102370224715,532,213102.0
1180.0,557,44674.0,46.681295715778475,2.798864563029062,557,215500.0,0.10506623587927548,557,215500.0
1185.0,561,45364.0,47.70136698212408,2.727172279041679,561,218272.0,0.10245632151036874,561,218272.0
1190.0,604,46534.0,49.24232804232804,2.5049828460344834,604,221044.0,0.08969859207861272,604,221044.0
1195.0,594,46855.0,49.52959830866808,2.4247399355084416,594,217213.0,0.08675198151412442,594,217213.0
1200.0,573,46200.0,48.58044164037855,2.493010942757778,573,216632.0,0.09244458511395487,573,216632.0
1205.0,575,47187.0,49.4622641509434,2.628938558569145,575,212559.0,0.09511230937277923,575,212559.0
1210.0,559,47525.0,49.8688352570829,2.7954070860615015,559,207446.0,0.10053135348891454,559,207446.0
1215.0,544,47409.0,49.799369747899156,2.9879079766531316,544,202766.0,0.10668352385344959,544,202766.0
1220.0,527,46007.0,48.530590717299575,3.1780011915653734,527,198569.0,0.11798892537995476,527,198569.0
1225.0,515,46199.0,48.78458289334741,3.3175091270052275,515,192832.0,0.1289951612507521,515,192832.0
1230.0,490,46272.0,48.81012658227848,3.3819870337579996,490,194168.0,0.13293810951396126,490,194168.0
1235.0,477,46044.0,49.08742004264392,3.2966922317674068,477,195381.0,0.13570092963587163,477,195381.0
1240.0,435,45365.0,48.363539445628994,3.2775585660755913,435,196224.0,0.13705733889003374,435,196224.0
1245.0,415,45124.0,48.15795090715048,3.3219241383682974,415,194455.0,0.13690830930247583,415,194455.0
1250.0,447,45968.0,49.21627408993576,3.3187440073072305,447,195489.0,0.12275016306739861,447,195489.0
1255.0,439,46926.0,49.86822529224229,3.5396584828148083,439,195993.0,0.13493551582472801,439,195993.0
1260.0,481,47958.0,51.127931769722814,3.4341415071930737,481,197148.0,0.12563446234077946,481,197148.0
1265.0,457,48381.0,51.79978586723769,3.30589088854003,457,194548.0,0.1226949438216107,457,194548.0
1270.0,459,49011.0,53.04220779220779,3.1668301097004874,459,196249.0,0.12223651204776083,459,196249.0
1275.0,437,49677.0,53.93811074918567,3.1863876707646,437,196484.0,0.1338491934230133,437,196484.0
1280.0,421,50054.0,54.88377192982456,3.0389689721239734,421,197641.0,0.12919408241968738,421,197641.0
1285.0,412,50457.0,55.9390243902439,3.0188267429677107,412,198423.0,0.13031590405507945,412,198423.0
1290.0,396,51010.0,56.48947951273533,3.1657745069555645,396,199479.0,0.13288487428839776,396,199479.0
1295.0,404,51841.0,57.3462389380531,3.195787982740948,404,200147.0,0.12719260865715515,404,200147.0
1300.0,420,52877.0,58.49225663716814,3.0204312450722597,420,200882.0,0.12327883370650589,420,200882.0
1305.0,401,53096.0,59.19286510590858,2.901660715320701,401,198744.0,0.125040378094857,401,198744.0
1310.0,396,53538.0,59.68561872909699,2.848536901475518,396,199332.0,0.1291415210394946,396,199332.0
1315.0,408,54340.0,60.44493882091213,2.7832951945786277,408,201306.0,0.12760536899432906,408,201306.0
1320.0,418,55169.0,61.095238095238095,2.6977101669312504,418,203128.0,0.12253416364564042,418,203128.0
1325.0,417,55975.0,61.850828729281766,2.613150539996773,417,199919.0,0.11382064091255531,417,199919.0
1330.0,400,56534.0,62.05708013172338,2.6008565465523388,400,201678.0,0.11428990860520977,400,201678.0
1335.0,432,57557.0,63.24945054945055,2.4645813539788004,432,203452.0,0.10601000678351197,432,203452.0
1340.0,417,58246.0,64.43141592920354,2.296211366427644,417,204476.0,0.10001569915534901,417,204476.0
1345.0,416,58902.0,65.15707964601769,2.3056544737669196,416,203668.0,0.10913541821882151,416,203668.0
1350.0,413,59600.0,66.00221483942414,2.229375707151365,413,205682.0,0.10664334654011465,413,205682.0
1355.0,433,60587.0,66.57912087912088,2.223363099589285,433,206912.0,0.10647706490834674,433,206912.0
1360.0,405,61130.0,67.02850877192982,2.2144081483935874,405,206933.0,0.10410982540924356,405,206933.0
1365.0,415,61697.0,67.28135223555071,2.1247309438311865,415,205199.0,0.09483797710764798,415,205199.0
1370.0,395,62237.0,68.3172338090011,2.023301398583125,395,206746.0,0.09112150385330317,395,206746.0
1375.0,387,62827.0,68.58842794759825,2.0174348940550297,387,208276.0,0.08730765460152519,387,208276.0
1380.0,385,63609.0,69.14021739130435,2.1044368028566742,385,209785.0,0.09234583319541247,385,209785.0
1385.0,388,64735.0,70.05952380952381,2.191269367224492,388,211293.0,0.09159405853924925,388,211293.0
1390.0,431,66141.0,71.04296455424274,2.2413007677143404,431,213001.0,0.08610607895892203,431,213001.0
1395.0,481,67642.0,72.57725321888412,2.0158360035136207,481,215033.0,0.0674706754902035,481,215033.0
1400.0,499,68509.0,73.35010706638116,1.91836867777317,499,212240.0,0.06109176358031955,499,212240.0
1405.0,489,69562.0,74.15991471215352,2.006780762598154,489,211060.0,0.06705656104878184,489,211060.0
1410.0,467,70456.0,75.35401069518717,2.093221204238533,467,206845.0,0.06904716323724637,467,206845.0
1415.0,499,71745.0,76.24335812964931,2.1859941324261536,499,208656.0,0.07076136726991741,499,208656.0
1420.0,496,72927.0,77.17142857142858,2.234067985631951,496,210845.0,0.07568992413948596,496,210845.0
1425.0,499,73884.0,77.85458377239199,2.240471935065141,499,213208.0,0.07951687179083497,499,213208.0
1430.0,476,74161.0,77.90021008403362,2.2586823407897447,476,208997.0,0.07975181702745938,476,208997.0
1435.0,486,74883.0,78.41151832460733,2.3021296510483626,486,209188.0,0.08186428710657047,486,209188.0
1440.0,500,75637.0,79.6178947368421,2.200861677238299,500,210991.0,0.0783089742422216,500,210991.0
1445.0,486,76118.0,80.71898197242842,2.1152603876846015,486,211971.0,0.07766989109209492,486,211971.0
1450.0,478,77122.0,81.78366914103924,2.1283542692591033,478,212134.0,0.0806235759838655,478,212134.0
1455.0,469,77539.0,82.13877118644068,2.1485225678716304,469,209041.0,0.0816293534631595,469,209041.0
1460.0,418,77696.0,82.7433439829606,2.1814753433097613,418,210712.0,0.08527664515529955,418,210712.0
1465.0,399,78018.0,83.53104925053533,2.1382599496933867,399,212643.0,0.08804725951077835,399,212643.0
1470.0,388,78817.0,84.47695605573419,2.1180131678539182,388,214234.0,0.08754055349198722,388,214234.0
1475.0,405,79757.0,84.93823216187434,2.187688876766406,405,215363.0,0.08652630863438918,405,215363.0
1480.0,432,81150.0,85.87301587301587,2.287395502635426,432,216742.0,0.08888850410219909,432,216742.0
1485.0,445,81356.0,86.0,2.232864182084338,445,217631.0,0.08296277308966529,445,217631.0
1490.0,470,76520.0,81.05932203389831,2.1754742220422605,470,216184.0,0.08419928870358964,470,216184.0
1495.0,447,73054.0,77.14255543822598,2.2095389635055644,447,218532.0,0.08954000512895482,447,218532.0
1500.0,441,68645.0,72.64021164021165,2.1845220098054274,441,215660.0,0.0896683210767648,441,215660.0
1505.0,446,65200.0,68.4873949579832,2.2483299415973375,446,217839.0,0.0947895292676852,446,217839.0
1510.0,471,61762.0,65.35661375661375,2.144617743507135,471,219110.0,0.08835838006950114,471,219110.0
1515.0,485,59810.0,63.157338965153116,2.131635270426122,485,221179.0,0.08531420572382208,485,221179.0
1520.0,471,57214.0,60.67232237539767,2.1456317936604035,471,219736.0,0.09028721641014013,471,219736.0
1525.0,415,54513.0,57.56388595564942,2.326970655188209,415,218635.0,0.10141941996330034,415,218635.0
1530.0,411,52736.0,55.628691983122366,2.2581925897243704,411,220362.0,0.09860666129894054,411,220362.0
1535.0,427,51982.0,55.12407211028632,2.116108637318458,427,221330.0,0.09326261292370287,427,221330.0
1540.0,426,51234.0,54.67876200640342,2.0742898424918845,426,223372.0,0.09164496282383318,426,223372.0
1545.0,408,50654.0,53.54545454545455,2.277240887297058,408,225363.0,0.09703613855010979,408,225363.0
1550.0,394,50456.0,53.0,2.3010458259884126,394,227206.0,0.09494126587950191,394,227206.0
1555.0,380,50442.0,52.76359832635983,2.304794404008009,380,224225.0,0.09242920379284458,380,224225.0
1560.0,383,51011.0,53.303030303030305,2.2977873425868385,383,226091.0,0.09366430036516017,383,226091.0
1565.0,400,51676.0,53.88529718456726,2.2622569532602084,400,227294.0,0.08996886063538959,400,227294.0
1570.0,440,52824.0,55.025,2.21720675262972,440,228228.0,0.08414872730611794,440,228228.0
1575.0,465,53906.0,56.26931106471816,2.091302790595021,465,229040.0,0.07701795590655745,465,229040.0
1580.0,467,54697.0,57.035453597497394,2.0915859036012208,467,225507.0,0.0747407418191152,467,225507.0
1585.0,470,55535.0,57.96972860125261,2.059007123720644,470,227553.0,0.07719395331827322,470,227553.0
1590.0,479,56471.0,58.7627471383975,2.1168151199739196,479,228853.0,0.07977822858860575,479,228853.0
1595.0,505,57717.0,60.310344827586206,2.060986432075807,505,230572.0,0.0803810172723609,505,230572.0
1600.0,466,58370.0,61.18448637316562,2.043221414140228,466,228676.0,0.08449168777162426,466,228676.0
1605.0,461,59118.0,61.9685534591195,1.990424093767193,461,230637.0,0.08215650483003424,461,230637.0
1610.0,466,60016.0,62.77824267782427,2.0120196989303434,466,232658.0,0.0859237608864372,466,232658.0
1615.0,446,61058.0,63.668404588112615,2.0861476667110073,446,234046.0,0.08979768519793407,446,234046.0
1620.0,478,60199.0,62.447095435684645,2.06177187381073,478,235292.0,0.08743352100113175,478,235292.0
1625.0,499,51134.0,53.264583333333334,1.927703479235014,499,234026.0,0.07843476582084387,499,234026.0
1630.0,508,44603.0,46.65585774058577,1.8302883227310023,508,236259.0,0.0767148464849637,508,236259.0
1635.0,493,37295.0,39.01150627615063,1.7417941247612097,493,233396.0,0.07265514974881918,493,233396.0
1640.0,472,30032.0,31.34864300626305,1.7590780218151678,472,235191.0,0.07367112892534361,472,235191.0
1645.0,449,25304.0,26.551941238195173,1.7122776751246664,449,236391.0,0.07293557870839656,449,236391.0
1650.0,455,22587.0,23.45482866043614,1.7924227391472516,455,238328.0,0.07978392870441854,455,238328.0
1655.0,426,19734.0,20.36532507739938,1.8742019419852252,426,236135.0,0.08474267698647177,426,236135.0
1660.0,420,17984.0,18.502057613168724,1.903805885525472,420,237949.0,0.08691845871012067,420,237949.0
1665.0,436,17897.0,18.469556243550052,1.829881813666866,436,239519.0,0.08517550541698533,436,239519.0
1670.0,467,18874.0,19.41769547325103,1.8183867404934546,467,241489.0,0.08084664526270581,467,241489.0
1675.0,486,19704.0,20.14723926380368,1.8208212657072935,486,243241.0,0.07686628793944975,486,243241.0
1680.0,525,19642.0,20.125,1.7655459736815091,525,242445.0,0.07152434306979526,525,242445.0
1685.0,567,19975.0,20.40347293156282,1.6631357612806759,567,245253.0,0.06893046472341295,567,245253.0
1690.0,566,19181.0,19.59244126659857,1.608953080160352,566,242365.0,0.06308259883578884,566,242365.0
1695.0,527,18480.0,18.78048780487805,1.748465593402468,527,241558.0,0.06980732937114845,527,241558.0
1700.0,491,17659.0,17.92791878172589,1.9414001657982052,491,239170.0,0.08174683745691486,491,239170.0
1705.0,463,17007.0,17.301119023397764,2.056027215854148,463,235951.0,0.08492568699624115,463,235951.0
1710.0,463,16717.0,16.98882113821138,2.2642260061492143,463,232789.0,0.08765297899930083,463,232789.0
1715.0,451,16299.0,16.5640243902439,2.514423715518496,451,229837.0,0.0959770978141692,451,229837.0
1720.0,422,15709.0,15.899797570850202,2.843590460260501,422,226615.0,0.11099138328152235,422,226615.0
1725.0,422,15319.0,15.48938321536906,2.967983537155955,422,224128.0,0.11146819882994555,422,224128.0
1730.0,437,15442.0,15.629554655870445,3.1048512644584396,437,220616.0,0.11787355572987405,437,220616.0
1735.0,435,15406.0,15.62474645030426,3.256913846752929,435,218015.0,0.12335971280658045,435,218015.0
1740.0,426,15182.0,15.350859453993934,3.485821330616647,426,215942.0,0.13306235608088438,426,215942.0
1745.0,425,15679.0,15.757788944723618,3.715528768116889,425,213774.0,0.1403914840329252,425,213774.0
1750.0,434,16759.0,16.945399393326593,3.832954978260064,434,211698.0,0.1439919371948771,434,211698.0
1755.0,441,18388.0,18.611336032388664,4.024057851363056,441,208930.0,0.15396901095639748,441,208930.0
1760.0,447,20020.0,20.3248730964467,4.17934903193339,447,205985.0,0.16230038721408258,447,205985.0
1765.0,447,21686.0,22.12857142857143,4.3770156828710975,447,204164.0,0.17633655450913316,447,204164.0
1770.0,443,22748.0,23.52430196483971,4.515267775089663,443,199854.0,0.1865481042079927,443,199854.0
1775.0,430,23670.0,24.837355718782792,4.617001118560116,430,196457.0,0.1956507544534206,430,196457.0
1780.0,418,25144.0,26.57928118393235,4.653094662297704,418,193596.0,0.19817576094254938,418,193596.0
1785.0,392,26289.0,27.878048780487806,4.748451115052331,392,190253.0,0.20931965361494678,392,190253.0
1790.0,376,26777.0,28.69989281886388,4.659148557537687,376,189760.0,0.207480652010228,376,189760.0
1795.0,345,24398.0,26.404761904761905,4.56747782484034,345,187938.0,0.20711745670858467,345,187938.0
1800.0,340,23614.0,25.864184008762322,4.442281316108838,340,186803.0,0.2039086808638627,340,186803.0
1805.0,321,22823.0,25.190949227373068,4.3784844072022215,321,184011.0,0.20186193342397224,321,184011.0
1810.0,321,23433.0,25.864238410596027,4.57905499290111,321,182416.0,0.21189314184324615,321,182416.0
1815.0,328,24248.0,26.73428886438809,4.752973518468528,328,180900.0,0.22037668124763318,328,180900.0
1820.0,348,25359.0,28.176666666666666,4.437541525439048,348,181753.0,0.20921567748750208,348,181753.0
1825.0,374,25841.0,28.616832779623476,4.153838927270518,374,179299.0,0.1954066158362715,374,179299.0
1830.0,411,26738.0,29.643015521064303,3.9003054409300453,411,178094.0,0.18492611202935666,411,178094.0
1835.0,453,27700.0,30.709534368070955,3.559442494910769,453,175112.0,0.16608809206967465,453,175112.0
1840.0,485,28800.0,31.893687707641195,3.0303968905606657,485,173061.0,0.13351497719366767,485,173061.0
1845.0,520,29809.0,32.64950711938664,2.780100908859261,520,173141.0,0.12084556130520811,520,173141.0
1850.0,498,27695.0,30.4006586169045,2.6842977378563533,498,165018.0,0.12476772189950851,498,165018.0
1855.0,411,22027.0,23.916395222584146,2.8558774056805976,411,163096.0,0.1417622120608866,411,163096.0
1860.0,413,21608.0,23.30960086299892,2.8526806961671642,413,162680.0,0.14507318831693097,413,162680.0
1865.0,418,21558.0,23.15574650912997,2.7281651608352093,418,166773.0,0.13778470829298475,418,166773.0
1870.0,431,21958.0,23.534833869239012,2.652642628298147,431,168186.0,0.13299629195142817,431,168186.0
1875.0,446,22728.0,24.308021390374332,2.5281425407926994,446,169506.0,0.12447239377362489,446,169506.0
1880.0,460,23435.0,25.010672358591247,2.390500135313994,460,167058.0,0.11609883486532883,460,167058.0
1885.0,474,24277.0,25.527865404837012,2.282267267447563,474,168899.0,0.10856495921333206,474,168899.0
1890.0,475,25186.0,26.42812172088143,2.183844458729914,475,170100.0,0.10093878877395311,475,170100.0
1895.0,493,26337.0,27.40582726326743,2.1559765709393863,493,171493.0,0.09438675790246599,493,171493.0
1900.0,502,27456.0,28.188911704312115,2.3158402926865156,502,172590.0,0.0971976907232844,502,172590.0
1905.0,529,28608.0,29.191836734693876,2.3591135931274003,529,174949.0,0.09489465744675583,529,174949.0
1910.0,551,29506.0,29.804040404040403,2.406858248923298,551,173704.0,0.09735052246333864,551,173704.0
1915.0,591,30520.0,30.735146022155085,2.058801884220058,591,176223.0,0.07693964028011771,591,176223.0
1920.0,591,30875.0,30.93687374749499,1.9192075014294028,591,174532.0,0.06753256335463478,591,174532.0
1925.0,601,31537.0,31.727364185110662,1.829215597088896,601,177663.0,0.06872463773455735,601,177663.0
1930.0,598,31837.0,32.09375,1.7773052391282274,598,179347.0,0.06662586522627373,598,179347.0
1935.0,592,32176.0,32.5010101010101,1.6926372220914827,592,182109.0,0.06120972535701582,592,182109.0
1940.0,548,32149.0,32.440968718466195,1.7732228228963278,548,182183.0,0.0650824358046876,548,182183.0
1945.0,534,32332.0,32.62563067608476,1.7343098934811916,534,184267.0,0.06639198753395321,534,184267.0
1950.0,506,32254.0,32.38353413654618,1.7320525363661412,506,185580.0,0.06507945226802629,506,185580.0
1955.0,512,32767.0,33.1314459049545,1.54798815305553,512,187733.0,0.0606855497267717,512,187733.0
1960.0,534,33184.0,33.689340101522845,1.435232937693225,534,186178.0,0.05520621783419682,534,186178.0
1965.0,532,33718.0,34.336048879837065,1.420688862608988,532,187439.0,0.05778662575853567,532,187439.0
1970.0,541,34757.0,35.21479229989868,1.4066773252848035,541,189746.0,0.0568236131697667,541,189746.0
1975.0,560,35851.0,36.06740442655936,1.3906949734881768,560,189690.0,0.05471331240692951,560,189690.0
1980.0,545,36759.0,36.869608826479435,1.4094337575777716,545,191903.0,0.05657398657804882,545,191903.0
1985.0,540,37452.0,37.52705410821643,1.4295998726919457,540,193353.0,0.05561136554047615,540,193353.0
1990.0,553,38571.0,38.725903614457835,1.3409167845988046,553,195613.0,0.05073596280618535,553,195613.0
1995.0,557,39688.0,39.84738955823293,1.2913483078186794,557,194173.0,0.04829902289883135,557,194173.0
2000.0,560,40825.0,40.988955823293175,1.301680067733119,560,195368.0,0.051336423670812294,560,195368.0
2005.0,587,42087.0,42.17134268537074,1.2398515611612504,587,197407.0,0.04707034091397335,587,197407.0
2010.0,565,43059.0,43.23192771084337,1.1925109916064351,565,196560.0,0.0464890601206672,565,196560.0
2015.0,568,43321.0,43.67036290322581,1.1182235916728187,568,198625.0,0.042191090201701024,568,198625.0
2020.0,580,40812.0,41.141129032258064,1.1431702464391729,580,198995.0,0.04307309082231043,580,198995.0
2025.0,573,38899.0,39.13380281690141,1.1541984647211312,573,201288.0,0.04489204543980122,573,201288.0
2030.0,589,37233.0,37.38253012048193,1.065323361358243,589,201635.0,0.038185123157392586,589,201635.0
2035.0,615,35120.0,35.190380761523045,0.9968930542916631,615,203740.0,0.035050663722298356,615,203740.0
2040.0,590,33067.0,33.16649949849548,1.0244815469884578,590,203000.0,0.037083072690554664,590,203000.0
2045.0,575,31481.0,31.44955044955045,1.085365557582895,575,204357.0,0.041874438115423296,575,204357.0
2050.0,585,28757.0,28.843530591775327,1.0096647862184958,585,203717.0,0.039387242192160235,585,203717.0
2055.0,581,26199.0,26.277833500501504,1.0566537247258432,581,204228.0,0.042643788232292215,581,204228.0
2060.0,589,25124.0,25.199598796389168,1.0649077764564874,589,201805.0,0.042756280143447394,589,201805.0
2065.0,608,24393.0,24.41741741741742,1.1281045671679866,608,199469.0,0.0426334015235133,608,199469.0
2070.0,592,23388.0,23.34131736526946,1.1859418371974182,592,201738.0,0.049835830362703885,592,201738.0
2075.0,561,20908.0,20.80398009950249,1.2560514170422044,561,200812.0,0.0547411873175857,561,200812.0
2080.0,552,19788.0,19.709163346613547,1.2759840991197064,552,203084.0,0.057643302144530464,552,203084.0
2085.0,557,19624.0,19.487586891757697,1.2644058589050082,557,201555.0,0.053753303535527874,557,201555.0
2090.0,558,19664.0,19.373399014778325,1.2932404827966306,558,202067.0,0.05271759845657259,558,202067.0
2095.0,576,19463.0,19.1188605108055,1.2501232017378463,576,203654.0,0.04922444318271734,576,203654.0
2100.0,584,18856.0,18.614017769002963,1.1530510594565055,584,204025.0,0.04646893065343333,584,204025.0
2105.0,593,18274.0,18.111000991080278,1.0710271052193372,593,206376.0,0.044426856865460065,593,206376.0
2110.0,549,17268.0,17.13095238095238,1.1070405546793616,549,205391.0,0.04555809635965634,549,205391.0
2115.0,531,16126.0,16.126,1.0647521155891095,531,207675.0,0.04667045806439632,531,207675.0
2120.0,500,12224.0,12.175298804780876,1.1690589489247076,500,207387.0,0.04953681242932239,500,207387.0
2125.0,500,10225.0,10.153922542204567,1.198360260656961,500,209446.0,0.04913661531952292,500,209446.0
2130.0,478,7903.0,7.832507433102081,1.2723949068827127,478,207949.0,0.04769205990723932,478,207949.0
2135.0,468,6613.0,6.593220338983051,1.2937086986557653,468,209933.0,0.049224704227282895,468,209933.0
2140.0,454,5993.0,5.987012987012987,1.311483828642,454,209542.0,0.04966002274877636,454,209542.0
2145.0,474,6372.0,6.384769539078157,1.28910370015661,474,210725.0,0.0491359852522108,474,210725.0
2150.0,456,6707.0,6.680278884462151,1.3180239551064294,456,210307.0,0.048062259508261373,456,210307.0
2155.0,478,6991.0,6.963147410358566,1.3603405354826987,478,210213.0,0.04827793908694688,478,210213.0
2160.0,491,7510.0,7.435643564356436,1.412623719824102,491,212187.0,0.05087947012709919,491,212187.0
2165.0,475,7552.0,7.418467583497053,1.4756199967207684,475,210477.0,0.05368583313118796,475,210477.0
2170.0,514,8288.0,8.181638696939784,1.430021024175987,514,212389.0,0.05316605323244515,514,212389.0
2175.0,537,8933.0,8.87090367428004,1.3651820638237393,537,212517.0,0.0494780552815987,537,212517.0
2180.0,513,9375.0,9.328358208955224,1.36350196368964,513,214478.0,0.049175616311598426,513,214478.0
2185.0,486,9667.0,9.628486055776893,1.4651305091945441,486,213936.0,0.05517055611449541,486,213936.0
2190.0,458,9581.0,9.542828685258964,1.5037811460950752,458,216010.0,0.05619230175269438,458,216010.0
2195.0,465,9190.0,9.171656686626747,1.430304373089501,465,214076.0,0.0554694272320669,465,214076.0
2200.0,498,9411.0,9.354870775347912,1.395917959456638,498,215156.0,0.055149778925640006,498,215156.0
2205.0,527,9586.0,9.56686626746507,1.2420364279837994,527,215781.0,0.047000564256064796,527,215781.0
2210.0,519,9732.0,9.761283851554664,1.1833263197213222,519,217768.0,0.04682348210958195,519,217768.0
2215.0,458,9386.0,9.395395395395395,1.251880243638037,458,216629.0,0.04814555047293535,458,216629.0
2220.0,434,8910.0,8.901098901098901,1.3105371411490487,434,218152.0,0.05324233555107953,434,218152.0
2225.0,449,7976.0,7.976,1.2945292778630317,449,217599.0,0.05079021707948983,449,217599.0
2230.0,419,6934.0,6.920159680638722,1.324604728718935,419,219160.0,0.05236489239821652,419,219160.0
2235.0,394,5861.0,5.861,1.3438161399343607,394,218988.0,0.05111011624820083,394,218988.0
2240.0,389,5072.0,5.082164328657314,1.304270115808613,389,220456.0,0.04972033179386396,389,220456.0
2245.0,373,4514.0,4.518518518518518,1.332936775201239,373,219389.0,0.04863202098253849,373,219389.0
2250.0,395,4904.0,4.943548387096774,1.3227295481255867,395,219626.0,0.049962107475897834,395,219626.0
2255.0,424,5700.0,5.7114228456913825,1.3735937351977503,424,220894.0,0.048663549154486854,424,220894.0
2260.0,441,6247.0,6.247,1.3710909257486947,441,220189.0,0.04639161331767088,441,220189.0
2265.0,484,7238.0,7.267068273092369,1.2862022920850582,484,221463.0,0.0430051278808158,484,221463.0
2270.0,495,7831.0,7.846693386773547,1.302986003907815,495,220827.0,0.04156025981385481,495,220827.0
2275.0,503,8712.0,8.72072072072072,1.3602867323986816,503,221113.0,0.04412934268741772,503,221113.0
2280.0,498,9325.0,9.325,1.5380538619016493,498,220166.0,0.051163910867273656,498,220166.0
2285.0,501,10260.0,10.26,1.8206330485569995,501,217392.0,0.05841842032020848,501,217392.0
2290.0,494,11315.0,11.383299798792757,1.959311067268719,494,216054.0,0.06315646765538625,494,216054.0
2295.0,482,12370.0,12.48234106962664,2.2011954457908813,482,213280.0,0.07076466836821357,482,213280.0
2300.0,479,13564.0,13.673387096774194,2.415900248548207,479,212347.0,0.08009089012707579,479,212347.0
2305.0,480,14832.0,15.012145748987853,2.594338440294893,480,209460.0,0.08425081021810966,480,209460.0
2310.0,465,16137.0,16.399390243902438,2.8164180005572557,465,207480.0,0.09407037534592319,465,207480.0
2315.0,459,17610.0,17.914547304170906,3.0326223020387792,459,206407.0,0.10438513727644891,459,206407.0
2320.0,460,19122.0,19.37386018237082,3.316317221024819,460,203926.0,0.11452231591314152,460,203926.0
2325.0,458,20761.0,20.99191102123357,3.5419193090049856,458,201931.0,0.12067026157105426,458,201931.0
2330.0,453,22178.0,22.37941473259334,3.715559795798521,453,200468.0,0.12790902975793675,453,200468.0
2335.0,467,23870.0,24.20892494929006,3.806604707365497,467,200038.0,0.1329037738152932,467,200038.0
2340.0,474,25628.0,26.285128205128206,3.9113738980156967,474,198772.0,0.13854115340764092,474,198772.0
2345.0,472,27591.0,28.591709844559585,4.04162335545953,472,198288.0,0.14915783058463805,472,198288.0
2350.0,483,29691.0,30.99269311064718,4.1529416782764805,483,197990.0,0.15500286833880328,483,197990.0
2355.0,484,31608.0,33.23659305993691,4.327377997612588,484,197437.0,0.1634574578976757,484,197437.0
2360.0,486,33677.0,35.94130202774813,4.476402971341409,486,196977.0,0.17666350837071895,486,196977.0
2365.0,488,35238.0,38.01294498381877,4.4284041026718715,488,198725.0,0.17992874783811133,488,198725.0
2370.0,468,33979.0,37.21686746987952,4.393340204245788,468,197250.0,0.18590785759703418,468,197250.0
2375.0,444,32890.0,36.544444444444444,4.303317104737635,444,198683.0,0.18537063334595238,444,198683.0
2380.0,422,30616.0,34.672706681766705,4.141640565332535,422,197157.0,0.18481129428632598,422,197157.0
2385.0,404,28413.0,32.54639175257732,4.004299401409775,404,196409.0,0.18219381518458905,404,196409.0
2390.0,415,27883.0,32.197459584295615,3.791230723309912,415,193534.0,0.17435451968525556,415,193534.0
2395.0,442,28120.0,32.5462962962963,3.5567760383656926,442,189658.0,0.1637337161358343,442,189658.0
2400.0,458,28232.0,32.904428904428904,3.3805382603551033,458,185206.0,0.16093829816984073,458,185206.0
2405.0,476,29152.0,33.937136204889406,3.274480091932543,476,181060.0,0.15999738096644275,476,181060.0
2410.0,454,26742.0,31.05923344947735,3.071181464020337,454,171959.0,0.15383099575577183,454,171959.0
2415.0,466,26552.0,30.91036088474971,2.8362764692713016,466,173497.0,0.14964192506070298,466,173497.0
2420.0,476,27630.0,32.05336426914153,2.650781683533473,476,171603.0,0.1429886161644517,476,171603.0
2425.0,477,28851.0,33.20023014959724,2.4625625203696115,477,170330.0,0.1290323391268556,477,170330.0
2430.0,479,30175.0,34.525171624713956,2.4976967692533636,479,167965.0,0.12487869660888103,479,167965.0
2435.0,477,31514.0,35.64932126696833,2.6533301720829705,477,167456.0,0.12593997953293698,477,167456.0
2440.0,492,33321.0,37.147157190635454,2.7463392105211137,492,165203.0,0.12058688894361558,492,165203.0
2445.0,515,35053.0,38.64718853362734,2.551851268383233,515,167760.0,0.10680749125034772,515,167760.0
2450.0,519,35265.0,38.540983606557376,2.306275429159063,519,167266.0,0.09008839956481587,519,167266.0
2455.0,546,35817.0,39.01633986928105,2.189340554435858,546,167114.0,0.08107996175642575,546,167114.0
2460.0,555,36340.0,39.54298150163221,2.2550385870401963,555,166667.0,0.07775125130165894,555,166667.0
2465.0,568,37167.0,40.09385113268608,2.5011591812017038,568,165884.0,0.08401182624784606,568,165884.0
2470.0,584,37951.0,40.80752688172043,2.6453516816800127,584,165805.0,0.08449650824000181,584,165805.0
2475.0,584,38682.0,41.28281750266809,2.8544681719139673,584,164685.0,0.08680682354301585,584,164685.0
2480.0,588,39566.0,42.09148936170213,2.997119399841114,588,164122.0,0.09070142427275434,588,164122.0
2485.0,578,40326.0,42.991471215351815,3.0703620941476264,578,163838.0,0.09565929894399976,578,163838.0
2490.0,584,41391.0,43.98618490967056,3.224898225194624,584,164084.0,0.10331764731257138,584,164084.0
2495.0,565,42252.0,45.43225806451613,3.220131818665126,565,163908.0,0.10588858805050944,565,163908.0
2500.0,572,43546.0,47.229934924078094,3.2603268274571238,572,163615.0,0.10559464177089924,572,163615.0
2505.0,580,45109.0,49.19193020719738,3.360847094323639,580,163551.0,0.1057519108371772,580,163551.0
2510.0,568,47057.0,51.31624863685932,3.455929737410216,568,162627.0,0.10537031089911254,568,162627.0
2515.0,571,48126.0,52.943894389438945,3.3681899619026483,571,163713.0,0.10115549190481629,571,163713.0
2520.0,574,46625.0,51.86318131256952,3.246229552202691,574,161844.0,0.10068110026687228,574,161844.0
2525.0,554,44953.0,51.08295454545455,3.010084274581024,554,162933.0,0.09908218445398646,554,162933.0
2530.0,545,43599.0,50.056257175660164,2.887169295886439,545,162294.0,0.09392653226498857,545,162294.0
2535.0,535,42244.0,48.950173812282735,2.9127061969580548,535,160716.0,0.10222897839823775,535,160716.0
2540.0,528,40705.0,48.00117924528302,2.8634816819598186,528,158434.0,0.10663510352889229,528,158434.0
2545.0,510,38616.0,46.19138755980861,2.8407438935531037,510,157418.0,0.11125547119688313,510,157418.0
2550.0,500,35011.0,42.592457420924575,2.8213299177925353,500,154558.0,0.12070006311631765,500,154558.0
2555.0,491,33911.0,41.91718170580964,2.7377077726321017,491,152098.0,0.12107695811061595,491,152098.0
2560.0,474,32895.0,41.27352572145546,2.632281887896526,474,150827.0,0.11973618703607739,474,150827.0
2565.0,471,33017.0,42.38382541720154,2.4319390003785086,471,149952.0,0.11780203725387209,471,149952.0
2570.0,477,33601.0,43.5810635538262,2.2400169322073857,477,149130.0,0.10982519481304469,477,149130.0
2575.0,486,33908.0,44.03636363636364,2.1061357350011827,486,148764.0,0.09792421141686877,486,148764.0
2580.0,492,34593.0,44.86770428015564,2.0304767257935556,492,149664.0,0.09224688673983969,492,149664.0
2585.0,472,34085.0,44.49738903394256,1.9888041774085048,472,148659.0,0.09247535551846835,472,148659.0
2590.0,454,32866.0,43.13123359580052,1.8914825338393824,454,149872.0,0.08705037252310127,454,149872.0
2595.0,435,28563.0,37.38612565445026,1.9706316595456892,435,147323.0,0.08614626752008757,435,147323.0
2600.0,417,23359.0,30.93907284768212,1.9767210103681259,417,146489.0,0.08668983101624304,417,146489.0
2605.0,409,20230.0,26.723910171730516,2.211266114920776,409,144046.0,0.09002302071510448,409,144046.0
2610.0,403,18776.0,24.835978835978835,2.4429813604503234,403,141823.0,0.089903412333045,403,141823.0
2615.0,406,18900.0,25.0,2.667617274435378,406,141730.0,0.09586766937525323,406,141730.0
2620.0,417,19612.0,26.184245660881174,2.520636436896384,417,142605.0,0.08552208577592625,417,142605.0
2625.0,428,19966.0,26.8721399730821,2.3061592879645914,428,141682.0,0.06907788758750498,428,141682.0
2630.0,438,20462.0,27.688768606224627,2.2721856334618122,438,142176.0,0.06272234619881406,438,142176.0
2635.0,437,20800.0,28.146143437077132,2.336594900497891,437,143578.0,0.06046517033476665,437,143578.0
2640.0,409,20838.0,28.38964577656676,2.282501249974561,409,143585.0,0.055149626122086244,409,143585.0
2645.0,400,21257.0,29.079343365253077,2.2154972408995066,400,145655.0,0.05034224395663127,400,145655.0
2650.0,381,21464.0,29.4027397260274,2.2409482191165053,381,145333.0,0.047714447148035855,381,145333.0
2655.0,379,21802.0,29.988995873452545,2.2349014345191227,379,146796.0,0.05056737783280298,379,146796.0
2660.0,389,21983.0,30.61699164345404,2.1354178997556796,389,145978.0,0.05326340071756934,389,145978.0
2665.0,398,22106.0,31.179125528913964,2.0113539855128084,398,146466.0,0.05330255522427959,398,146466.0
2670.0,400,22368.0,32.09182209469154,1.8786514680705673,400,145121.0,0.05351099011992863,400,145121.0
2675.0,398,23115.0,33.646288209606986,1.8155524254682183,398,143760.0,0.05564027713239544,398,143760.0
2680.0,400,24123.0,35.37096774193548,1.7916577857374851,400,142809.0,0.054236972394135,400,142809.0
2685.0,393,24537.0,36.190265486725664,1.756606525453401,393,144451.0,0.0553109834149472,393,144451.0
2690.0,382,23603.0,34.96740740740741,1.7313205479263856,382,142798.0,0.057371668475548025,382,142798.0
2695.0,376,22457.0,33.568011958146485,1.628989521410059,376,144397.0,0.05474503614152547,376,144397.0
2700.0,352,20102.0,30.27409638554217,1.5927180879982565,352,143393.0,0.05286004760614084,352,143393.0
2705.0,355,18458.0,27.924357034795765,1.5888260319916898,355,144917.0,0.053884152339841646,355,144917.0
2710.0,356,16445.0,25.14525993883792,1.4920587796986036,356,143903.0,0.048486215676506725,356,143903.0
2715.0,367,14881.0,22.823619631901842,1.4802277263773942,367,143614.0,0.04798642940677301,367,143614.0
2720.0,377,13514.0,20.822804314329737,1.4773295849275074,377,142736.0,0.0473685267474762,377,142736.0
2725.0,377,11899.0,18.334360554699536,1.5271663771938644,377,144441.0,0.049596884153166536,377,144441.0
2730.0,369,10272.0,15.876352395672335,1.5372014521952553,369,143141.0,0.053093786886706525,369,143141.0
2735.0,370,8986.0,13.931782945736433,1.5300461312129952,370,144407.0,0.05447005574866851,370,144407.0
2740.0,354,6826.0,10.632398753894082,1.5678237248704603,354,143898.0,0.05402070431680166,354,143898.0
2745.0,348,6260.0,9.750778816199377,1.655699020475174,348,145521.0,0.055562427555263444,348,145521.0
2750.0,346,6178.0,9.668231611893583,1.6536840353958506,346,143893.0,0.050144356075323616,346,143893.0
2755.0,317,5912.0,9.281004709576138,1.7348027910724018,317,145212.0,0.052993525078837304,317,145212.0
2760.0,312,6123.0,9.719047619047618,1.679643621258703,312,143765.0,0.052430961233975976,312,143765.0
2765.0,309,6303.0,10.068690095846645,1.6643351945792881,309,143793.0,0.05225977969180905,309,143793.0
2770.0,319,7002.0,11.2032,1.669126026757938,319,143199.0,0.04913385064901052,319,143199.0
2775.0,313,7506.0,12.067524115755628,1.7282293488266984,313,140644.0,0.0502668391220033,313,140644.0
2780.0,324,8557.0,13.801612903225806,1.7500894366545396,324,139532.0,0.049710550157901046,324,139532.0
2785.0,329,9690.0,15.629032258064516,1.8346283212169077,329,138021.0,0.04670425283423246,329,138021.0
2790.0,336,10727.0,17.442276422764227,1.8722382391045558,336,137481.0,0.04937870416479165,336,137481.0
2795.0,335,11853.0,19.463054187192117,1.8098930948748115,335,138311.0,0.05145141536837146,335,138311.0
2800.0,325,11733.0,19.361386138613863,1.799823393102703,325,137487.0,0.051810974728141265,325,137487.0
2805.0,342,12748.0,21.07107438016529,1.9145844304045185,342,137691.0,0.05474400239101431,342,137691.0
2810.0,363,13408.0,22.534453781512607,1.7986482215365462,363,139009.0,0.05103324111803166,363,139009.0
2815.0,366,13064.0,21.956302521008404,1.8470841861726084,366,137012.0,0.04517798042700421,366,137012.0
2820.0,377,13080.0,22.207130730050935,1.7328661293681384,377,138660.0,0.04053017638080686,377,138660.0
2825.0,386,13047.0,22.264505119453926,1.7176524572116572,386,138599.0,0.036756115224623326,386,138599.0
2830.0,395,13247.0,22.800344234079173,1.683123158470638,395,140157.0,0.033480375445702586,395,140157.0
2835.0,373,13083.0,22.713541666666668,1.676627932102227,373,138719.0,0.03173808991912696,373,138719.0
2840.0,361,12992.0,22.713286713286713,1.9169676297226874,361,136850.0,0.04558196233666583,361,136850.0
2845.0,320,12283.0,21.663139329805997,2.4062968881164912,320,134896.0,0.0709515224596854,320,134896.0
2850.0,289,12146.0,21.383802816901408,2.8792717316067877,289,132637.0,0.08004912328853195,289,132637.0
2855.0,281,12272.0,21.75886524822695,2.8992033566112263,281,133384.0,0.07701556364994087,281,133384.0
2860.0,269,12084.0,21.617173524150267,2.754920621089755,269,133699.0,0.07179397335488444,269,133699.0
2865.0,278,12180.0,22.065217391304348,2.5190549603268475,278,134568.0,0.06020372977073825,278,134568.0
2870.0,274,12515.0,22.879341864716636,2.5797138496022627,274,133787.0,0.0694608458782573,274,133787.0
2875.0,279,12705.0,23.39779005524862,2.649188976937157,279,133108.0,0.07132840176392977,279,133108.0
2880.0,269,13086.0,24.27829313543599,2.703994206742901,269,132190.0,0.07358355009038987,269,132190.0
2885.0,277,13988.0,26.194756554307116,2.715975004040471,277,131082.0,0.07352472097149647,277,131082.0
2890.0,296,15111.0,28.565217391304348,2.7143986097688595,296,130923.0,0.07312106228315496,296,130923.0
2895.0,314,16058.0,30.586666666666666,2.583723786082284,314,131043.0,0.06755085885567312,314,131043.0
2900.0,304,16276.0,31.60388349514563,2.378939313565827,304,128954.0,0.06195387091030086,304,128954.0
2905.0,296,16372.0,32.41980198019802,2.2002597060784623,296,130140.0,0.05786968326080417,296,130140.0
2910.0,288,15447.0,31.143145161290324,2.02135013447333,288,129636.0,0.05425500187258269,288,129636.0
2915.0,299,15702.0,31.979633401221996,1.9980630695811419,299,129703.0,0.05190169578710354,299,129703.0
2920.0,318,16276.0,33.14867617107943,1.9419703240710249,318,131003.0,0.03967320551257582,318,131003.0
2925.0,308,16601.0,34.228865979381446,1.9496429955037158,308,128935.0,0.040208661096824146,308,128935.0
2930.0,270,16595.0,34.5010395010395,2.279091788647367,270,127789.0,0.06031536408613624,270,127789.0
2935.0,251,16995.0,35.62893081761006,2.6587913163714294,251,124204.0,0.0709387765941807,251,124204.0
2940.0,237,17381.0,37.059701492537314,2.967857123129782,237,121797.0,0.0790843231390428,237,121797.0
2945.0,212,17456.0,37.53978494623656,3.044862944540729,212,122077.0,0.07728617289631307,212,122077.0
2950.0,186,17427.0,37.72077922077922,3.238797766815516,186,121738.0,0.09201661988711148,186,121738.0
2955.0,196,17991.0,39.11086956521739,3.167933693813291,196,121973.0,0.0773323442283624,196,121973.0
2960.0,218,18820.0,41.181619256017505,3.151102725314252,218,121562.0,0.06900907584216662,218,121562.0
2965.0,236,19800.0,43.421052631578945,3.1292746602831594,236,122402.0,0.060487829703151905,236,122402.0
2970.0,247,20709.0,46.53707865168539,2.851218744343651,247,122914.0,0.05762115562996942,247,122914.0
2975.0,227,21058.0,47.750566893424036,2.868748952642457,227,120775.0,0.06402916821310223,227,120775.0
2980.0,219,21544.0,49.075170842824605,3.094830024893976,219,119881.0,0.07238539415677046,219,119881.0
2985.0,219,22058.0,50.942263279445726,3.3400465754184934,219,117213.0,0.07867597731750982,219,117213.0
2990.0,211,22546.0,53.680952380952384,3.4917326801616255,211,112978.0,0.07695422914407586,211,112978.0
2995.0,197,23008.0,55.98053527980535,3.8952206874531683,197,109861.0,0.09835459579640946,197,109861.0
3000.0,173,23352.0,57.801980198019805,4.4868180205942645,173,106153.0,0.1253461595995209,173,106153.0
3005.0,149,23736.0,59.788413098236774,5.181266096964267,149,103109.0,0.16721117440056607,149,103109.0
3010.0,142,24009.0,61.24744897959184,5.2566952723521965,142,102899.0,0.16942657115460416,142,102899.0
3015.0,144,23413.0,61.130548302872064,4.9393511769959355,144,101744.0,0.15688569682921738,144,101744.0
3020.0,148,22636.0,59.72559366754617,4.80281740211849,148,101868.0,0.14390504964828968,148,101868.0
3025.0,163,20372.0,54.180851063829785,4.565370521935804,163,99633.0,0.12490149540366328,163,99633.0
3030.0,185,19235.0,51.15691489361702,4.322358329752405,185,99118.0,0.09321186890637426,185,99118.0
3035.0,199,17106.0,45.983870967741936,3.99543114021302,199,97123.0,0.058314720663218196,199,97123.0
3040.0,212,14982.0,41.27272727272727,3.7963574829260542,212,93314.0,0.04642590600629852,212,93314.0
3045.0,220,13846.0,39.33522727272727,3.671770208039803,220,91613.0,0.04840678001939247,220,91613.0
3050.0,220,12682.0,37.19061583577712,3.4899769618795147,220,88361.0,0.04426226174877073,220,88361.0
3055.0,211,10292.0,32.1625,3.0634049028966555,211,86291.0,0.049757653374477205,211,86291.0
3060.0,212,9925.0,32.540983606557376,2.667168039434039,212,85753.0,0.047657187888931016,212,85753.0
3065.0,187,8985.0,30.56122448979592,2.4567583059662947,187,83246.0,0.050372344026523797,187,83246.0
3070.0,165,8411.0,29.306620209059233,2.675018534447489,165,83198.0,0.06921174195586817,165,83198.0
3075.0,141,7481.0,26.249122807017542,3.3487607129603396,141,79471.0,0.0904818485586023,141,79471.0
3080.0,119,6221.0,21.828070175438597,4.204475623945017,119,75623.0,0.10963233505552265,119,75623.0
3085.0,96,4535.0,15.96830985915493,5.125462944566778,96,73594.0,0.14434946229096215,96,73594.0
3090.0,88,3886.0,13.92831541218638,5.857904143674509,88,71117.0,0.18419691078896108,88,71117.0
3095.0,76,2963.0,10.735507246376812,6.68177551970929,76,68590.0,0.22527543600821193,76,68590.0
3100.0,88,3289.0,12.047619047619047,6.662080907479743,88,68880.0,0.20017970556755993,88,68880.0
3105.0,97,3409.0,12.864150943396226,5.931859610120896,97,66414.0,0.13815135632168996,97,66414.0
3110.0,114,3625.0,13.783269961977187,5.538206722329104,114,65525.0,0.09420543131669931,114,65525.0
3115.0,121,3940.0,15.038167938931299,5.44472504020146,121,63238.0,0.0674485042467729,121,63238.0
3120.0,127,4261.0,16.45173745173745,5.655974878996825,127,60006.0,0.07035500615687684,127,60006.0
3125.0,122,4656.0,18.40316205533597,5.81200529608682,122,56309.0,0.07945905726223167,122,56309.0
3130.0,120,5138.0,20.717741935483872,5.898021646844187,120,52563.0,0.0784529497687229,120,52563.0
3135.0,116,5581.0,23.952789699570815,5.728112893650744,116,49038.0,0.08642167856998816,116,49038.0
3140.0,106,5381.0,24.022321428571427,5.428429294479743,106,48068.0,0.08346978787489095,106,48068.0
3145.0,108,5650.0,27.69607843137255,4.724873219197608,108,46864.0,0.06382766445858477,108,46864.0
3150.0,113,6206.0,32.66315789473684,4.219278224360429,113,48582.0,0.05711051950071942,113,48582.0
3155.0,112,6446.0,36.21348314606742,3.650396634459416,112,48537.0,0.054039367014265524,112,48537.0
3160.0,86,5309.0,30.337142857142858,3.9404646457865535,86,47571.0,0.08318227876959494,86,47571.0
3165.0,68,4555.0,26.329479768786126,4.509067016286343,68,45619.0,0.1085278928884242,68,45619.0
3170.0,58,4161.0,24.191860465116278,5.5661094706680965,58,42868.0,0.14051796818947698,58,42868.0
3175.0,58,4329.0,26.07831325301205,6.593434745455189,58,40107.0,0.1704706912451744,58,40107.0
3180.0,65,4550.0,28.08641975308642,6.481666189020121,65,39995.0,0.1336340728907541,65,39995.0
3185.0,67,4477.0,28.335443037974684,6.126989857256295,67,36889.0,0.08419916444254236,67,36889.0
3190.0,71,4667.0,30.10967741935484,6.0720084066336595,71,36325.0,0.08244728196081888,71,36325.0
3195.0,65,4822.0,32.36241610738255,6.157997631334535,65,34316.0,0.09070916752214482,65,34316.0
3200.0,62,5032.0,34.0,6.589475505681787,62,31469.0,0.09598829784020986,62,31469.0
3205.0,57,5101.0,34.70068027210884,6.753952794595722,57,31724.0,0.10134689952102108,57,31724.0
3210.0,61,5327.0,37.25174825174825,6.367039449688419,61,31886.0,0.06920752001749272,61,31886.0
3215.0,63,5251.0,38.32846715328467,6.057266663648123,63,32180.0,0.060094340190416255,63,32180.0
3220.0,58,3809.0,27.802919708029197,6.160168050771753,58,30307.0,0.06057090844421773,58,30307.0
3225.0,58,3134.0,25.688524590163933,5.272456582923575,58,30576.0,0.056526253688813574,58,30576.0
3230.0,65,2669.0,23.412280701754387,4.674812756088547,65,30857.0,0.030976751673528615,65,30857.0
3235.0,59,1698.0,16.485436893203882,3.82620336775811,59,31140.0,0.028435650320831587,59,31140.0
3240.0,42,918.0,9.5625,3.78648011789109,42,28622.0,0.04802309374729625,42,28622.0
3245.0,38,754.0,8.10752688172043,4.48357288423992,38,27967.0,0.06633812384891086,38,27967.0
3250.0,41,952.0,10.696629213483146,5.514389392492893,41,26167.0,0.06289962470889077,41,26167.0
3255.0,41,1157.0,13.939759036144578,6.109340925948636,41,25242.0,0.011921239297580813,41,25242.0
3260.0,41,1307.0,15.939024390243903,6.454363349775008,41,25411.0,0.023126461211805005,41,25411.0
3265.0,36,1229.0,15.17283950617284,6.540698392097617,36,23901.0,0.031953513917761585,36,23901.0
3270.0,32,1193.0,14.728395061728396,6.882843922347637,32,23219.0,0.05539357107231303,32,23219.0
3275.0,29,1144.0,14.3,6.900789386950791,29,23360.0,0.05845959481587346,29,23360.0
3280.0,29,1096.0,14.051282051282051,6.776160107778954,29,23484.0,0.0589724534227868,29,23484.0
3285.0,30,1073.0,14.118421052631579,6.5976493609111735,30,23596.0,0.05330644573835878,30,23596.0
3290.0,23,671.0,8.828947368421053,6.783711613065836,23,21371.0,0.04800493180999207,23,21371.0
3295.0,24,539.0,7.1866666666666665,7.005431874895439,24,21436.0,0.06492719742212721,24,21436.0
3300.0,21,336.0,4.732394366197183,6.885641434472307,21,19851.0,0.06389074559710065,21,19851.0
3305.0,18,197.0,3.0307692307692307,6.650804289881535,18,19901.0,0.08077206321738355,18,19901.0
3310.0,20,228.0,4.1454545454545455,5.422944660030118,20,19952.0,0.06510980302411026,20,19952.0
3315.0,25,269.0,5.8478260869565215,3.9708843472622832,25,20030.0,0.05468001210803802,25,20030.0
3320.0,21,246.0,5.857142857142857,3.3804392154334826,21,17940.0,0.0516216871540385,21,17940.0
3325.0,21,265.0,6.309523809523809,3.8843475926863507,21,18033.0,0.06311475905287968,21,18033.0
3330.0,15,201.0,4.902439024390244,4.278830192634525,15,16465.0,0.08157440192663647,15,16465.0
3335.0,15,188.0,4.7,4.257006887132988,15,16521.0,0.05629091621978325,15,16521.0
3340.0,17,205.0,5.125,4.2485895610467255,17,16580.0,0.03545348118204195,17,16580.0
3345.0,21,267.0,6.675,4.19518399776575,21,16655.0,0.02129008341549644,21,16655.0
3350.0,19,278.0,7.315789473684211,3.779871347574145,19,15007.0,0.04683206739531894,19,15007.0
3355.0,18,305.0,8.026315789473685,4.337055104528841,18,15059.0,0.07232062378576004,18,15059.0
3360.0,12,218.0,5.891891891891892,4.729121562944104,12,13461.0,0.09472829383083624,12,13461.0
3365.0,11,207.0,5.594594594594595,5.462433206850451,11,12680.0,0.14896636993140056,11,12680.0
3370.0,12,233.0,6.131578947368421,6.51022079000644,12,10328.0,0.23708313167837275,12,10328.0
3375.0,13,277.0,7.2894736842105265,7.007546876805562,13,10377.0,0.2358683589646262,13,10377.0
3380.0,11,249.0,6.72972972972973,6.902640041879947,11,9129.0,0.2106007382659763,11,9129.0
3385.0,9,215.0,6.142857142857143,6.870814391088115,9,9166.0,0.2285816374411389,9,9166.0
3390.0,7,209.0,6.147058823529412,7.2023862193859705,7,7651.0,0.25159045204172115,7,7651.0
3395.0,10,253.0,7.4411764705882355,7.701756876036363,10,7107.0,0.29614378763317967,10,7107.0
3400.0,11,308.0,9.333333333333334,8.251865169002626,11,5734.0,0.31675054378599204,11,5734.0
3405.0,11,363.0,11.0,8.784005276036757,11,5205.0,0.30484669763626,11,5205.0
3410.0,11,418.0,12.666666666666666,8.923869437097695,11,5260.0,0.2630844823306915,11,5260.0
3415.0,11,473.0,15.258064516129032,8.307657528505898,11,5315.0,0.20402705308889277,11,5315.0
3420.0,12,532.0,17.733333333333334,7.560564314298449,12,5373.0,0.17758016292321369,12,5373.0
3425.0,13,597.0,21.321428571428573,7.121663937197833,13,5437.0,0.1835050977513974,13,5437.0
3430.0,13,662.0,26.48,6.005347790340367,13,5502.0,0.13007107426794756,13,5502.0
3435.0,14,731.0,30.458333333333332,5.554873808642417,14,5571.0,0.12163531871024498,14,5571.0
3440.0,14,801.0,34.82608695652174,5.113294950684526,14,5640.0,0.12139264402986327,14,5640.0
3445.0,14,871.0,37.869565217391305,5.123512605066648,14,5701.0,0.12215612009671611,14,5701.0
3450.0,14,941.0,39.208333333333336,5.344764171690344,14,5766.0,0.16167228508890122,14,5766.0
3455.0,14,1011.0,48.142857142857146,3.785987391160523,14,5836.0,0.12922388401436835,14,5836.0
3460.0,15,1086.0,54.3,3.2026965077999883,15,5911.0,0.11438626993246252,15,5911.0
3465.0,15,1161.0,61.10526315789474,2.7501035288472493,15,5986.0,0.11617647140978908,15,5986.0
3470.0,15,1236.0,68.66666666666667,2.231907755745555,15,6061.0,0.11664576487987259,15,6061.0
3475.0,15,1311.0,77.11764705882354,0.9975766992430724,15,6130.0,0.07027303619740566,15,6130.0
3480.0,16,1391.0,81.82352941176471,0.8125252862633068,16,6196.0,0.0571093828367577,16,6196.0
3485.0,16,1471.0,86.52941176470588,0.8077264155173153,16,6256.0,0.0567720880457521,16,6256.0
3490.0,16,1551.0,91.23529411764706,0.8301656042110201,16,6316.0,0.058349255229740216,16,6316.0
3495.0,16,1631.0,95.94117647058823,0.829138146883986,16,6373.0,0.058277039072495596,16,6373.0
3500.0,16,1711.0,100.6470588235294,0.8280525287086937,16,6426.0,0.058200735005366266,16,6426.0
3505.0,17,1792.0,105.41176470588235,0.0008759412915673975,17,6474.0,6.15666581808207e-05,17,6474.0
3510.0,17,1877.0,110.41176470588235,0.0,17,6528.0,0.0,17,6528.0
3515.0,17,1962.0,109.0,0.6677833750792261,17,6580.0,0.051528999872619274,17,6580.0
3520.0,17,2047.0,113.72222222222223,0.7002749385721403,17,6630.0,0.05403618683409303,17,6630.0
3525.0,14,1956.0,108.66666666666667,0.8317580176680806,14,6677.0,0.06298472619001141,14,6677.0
3530.0,14,2026.0,112.55555555555556,1.4472056725743268,14,6539.0,0.06447321560531166,14,6539.0
3535.0,14,2096.0,116.44444444444444,2.041378617206013,14,6574.0,0.06493143953826042,14,6574.0
3540.0,14,2166.0,120.33333333333333,2.6445369375709693,14,6609.0,0.06631022466344615,14,6609.0
3545.0,14,2236.0,124.22222222222223,3.1244416520844616,14,6644.0,0.0643217687006064,14,6644.0
3550.0,14,2306.0,128.11111111111111,3.1440537689853034,14,6679.0,0.06634349168154002,14,6679.0
3555.0,14,2376.0,132.0,3.14069361667606,14,6716.0,0.06526813707008133,14,6716.0
3560.0,14,2446.0,135.88888888888889,3.1398058055891434,14,6756.0,0.06555878106025888,14,6756.0
3565.0,14,2516.0,139.77777777777777,3.150436194604955,14,6796.0,0.06652215861593215,14,6796.0
3570.0,14,2586.0,143.66666666666666,3.1168021245372364,14,6836.0,0.06572290231953333,14,6836.0
3575.0,14,2656.0,147.55555555555554,3.1197050593047493,14,6876.0,0.0,14,6876.0
3580.0,13,2529.0,140.5,3.2030945997793006,13,6917.0,0.0034934574463789518,13,6917.0
3585.0,9,1800.0,105.88235294117646,3.1074523712157696,9,5533.0,0.023776211542917095,9,5533.0
3590.0,6,1058.0,70.53333333333333,2.5759211300895353,6,5544.0,0.06157916071173272,6,5544.0
3595.0,9,1098.0,73.2,2.664022072962945,9,5564.0,0.028485854262589483,9,5564.0
3600.0,12,1154.0,76.93333333333334,2.8710162665965786,12,5606.0,0.00010858833009873044,12,5606.0
3605.0,12,1214.0,80.93333333333334,2.959213311780744,12,5665.0,9.276717206980699e-07,12,5665.0
3610.0,12,1274.0,84.93333333333334,2.942039942367411,12,5722.0,0.0,12,5722.0
3615.0,12,1334.0,88.93333333333334,2.9257382305945323,12,5777.0,0.0,12,5777.0
3620.0,12,1394.0,92.93333333333334,2.9648096752881745,12,5832.0,0.0,12,5832.0
3625.0,12,1454.0,96.93333333333334,2.9213499114058035,12,5886.0,0.0,12,5886.0
3630.0,12,1514.0,100.93333333333334,2.9154818979310235,12,5934.0,0.0,12,5934.0
3635.0,12,1574.0,104.93333333333334,2.9383492536321723,12,5971.0,0.06738162461354935,12,5971.0
3640.0,12,1634.0,116.71428571428571,2.0898311430988996,12,6006.0,0.0755772674346045,12,6006.0
3645.0,12,1694.0,130.30769230769232,1.0706112109384658,12,6045.0,0.07541863107660735,12,6045.0
3650.0,12,1754.0,134.92307692307693,1.0805783487740275,12,6092.0,0.07612076074200755,12,6092.0
3655.0,12,1814.0,139.53846153846155,1.0771422724087594,12,6139.0,0.07587870819006756,12,6139.0
3660.0,12,1874.0,144.15384615384616,1.0890773808216763,12,6195.0,0.07671947048459282,12,6195.0
3665.0,12,1934.0,148.76923076923077,1.055420515561829,12,6250.0,0.07434853070898327,12,6250.0
3670.0,12,1994.0,153.3846153846154,1.0704283278319355,12,6306.0,0.07540574797450582,12,6306.0
3675.0,12,2054.0,158.0,1.073435714284812,12,6366.0,0.07561760169607808,12,6366.0
3680.0,12,2114.0,162.6153846153846,1.0786158415319056,12,6418.0,0.0759825129745953,12,6418.0
3685.0,12,2174.0,167.23076923076923,0.9872926694300753,12,6459.0,0.0695493012212305,12,6459.0
3690.0,13,2237.0,172.07692307692307,7.038714887114348e-05,13,6502.0,4.95838485438027e-06,13,6502.0
3695.0,13,2302.0,177.07692307692307,0.0,13,6547.0,0.0,13,6547.0
3700.0,13,2367.0,182.07692307692307,0.0,13,6592.0,0.0,13,6592.0
3705.0,13,2432.0,187.07692307692307,0.0,13,6637.0,0.0,13,6637.0
3710.0,13,2497.0,192.07692307692307,0.0,13,6682.0,0.0,13,6682.0
3715.0,13,2562.0,197.07692307692307,0.0,13,6727.0,0.0,13,6727.0
3720.0,13,2627.0,202.07692307692307,0.0,13,6772.0,0.0,13,6772.0
3725.0,13,2692.0,207.07692307692307,0.0,13,6812.0,0.0,13,6812.0
3730.0,13,2757.0,212.07692307692307,0.0,13,6852.0,0.0,13,6852.0
3735.0,13,2822.0,217.07692307692307,0.0,13,6898.0,0.0,13,6898.0
3740.0,13,2887.0,222.07692307692307,0.0,13,6958.0,0.0,13,6958.0
3745.0,13,2952.0,227.07692307692307,0.0,13,7018.0,0.0,13,7018.0
3750.0,13,3017.0,232.07692307692307,0.0,13,7079.0,0.0,13,7079.0
3755.0,13,3082.0,237.07692307692307,0.0,13,7144.0,0.0,13,7144.0
3760.0,13,3147.0,242.07692307692307,0.0,13,7203.0,0.0,13,7203.0
3765.0,9,1615.0,124.23076923076923,0.26014516767687523,9,7249.0,0.019568692803676006,9,7249.0
3770.0,8,1321.0,101.61538461538461,1.7581578970425462,8,5314.0,0.0,8,5314.0
3775.0,8,1361.0,104.6923076923077,3.2014961656106875,8,5344.0,0.0,8,5344.0
3780.0,8,1401.0,107.76923076923077,4.468229998509326,8,5378.0,0.0,8,5378.0
3785.0,8,1441.0,110.84615384615384,5.004053291020748,8,5410.0,0.0,8,5410.0
3790.0,8,1481.0,113.92307692307692,5.029732644686107,8,5448.0,0.0,8,5448.0
3795.0,8,1521.0,117.0,5.0027389007630445,8,5488.0,0.0,8,5488.0
3800.0,8,1561.0,120.07692307692308,5.04018687922786,8,5526.0,0.0,8,5526.0
3805.0,8,1601.0,123.15384615384616,4.973532799052065,8,5549.0,0.0,8,5549.0
3810.0,8,1641.0,126.23076923076923,4.992265422419349,8,5566.0,0.0,8,5566.0
3815.0,8,1681.0,129.30769230769232,5.004111987272769,8,5596.0,0.0,8,5596.0
3820.0,8,1721.0,132.3846153846154,5.042561040620883,8,5626.0,0.0,8,5626.0
3825.0,8,1761.0,146.75,4.1273051330243655,8,5656.0,0.0,8,5656.0
3830.0,8,1801.0,163.72727272727272,3.1974239761405623,8,5687.0,0.0,8,5687.0
3835.0,8,1841.0,184.1,2.1806393569629194,8,5724.0,0.0,8,5724.0
3840.0,8,1881.0,209.0,1.1283204134679221,8,5763.0,0.0,8,5763.0
3845.0,8,1921.0,240.125,0.0,8,5785.0,0.0,8,5785.0
3850.0,8,1961.0,245.125,0.0,8,5800.0,0.0,8,5800.0
3855.0,8,2001.0,250.125,0.0,8,5811.0,0.0,8,5811.0
3860.0,8,2041.0,255.125,0.0,8,5821.0,0.0,8,5821.0
3865.0,8,2081.0,260.125,0.0,8,5831.0,0.0,8,5831.0
3870.0,8,2121.0,265.125,0.0,8,5841.0,0.0,8,5841.0
3875.0,8,2161.0,270.125,0.0,8,5851.0,0.0,8,5851.0
3880.0,8,2201.0,275.125,0.0,8,5864.0,0.0,8,5864.0
3885.0,8,2241.0,280.125,0.0,8,5879.0,0.0,8,5879.0
3890.0,8,2281.0,285.125,0.0,8,5893.0,0.0,8,5893.0
3895.0,8,2321.0,290.125,0.0,8,5918.0,0.0,8,5918.0
3900.0,8,2361.0,295.125,0.0,8,5958.0,0.0,8,5958.0
3905.0,8,2401.0,300.125,0.0,8,5998.0,0.0,8,5998.0
3910.0,8,2441.0,305.125,0.0,8,6038.0,0.0,8,6038.0
3915.0,8,2481.0,310.125,0.0,8,6078.0,0.0,8,6078.0
3920.0,8,2521.0,315.125,0.0,8,6107.0,0.0,8,6107.0
3925.0,8,2561.0,320.125,0.0,8,6121.0,0.0,8,6121.0
3930.0,8,2601.0,325.125,0.0,8,6131.0,0.0,8,6131.0
3935.0,8,2641.0,330.125,0.0,8,6141.0,0.0,8,6141.0
3940.0,8,2681.0,335.125,0.0,8,6151.0,0.0,8,6151.0
3945.0,8,2721.0,340.125,0.0,8,6161.0,0.0,8,6161.0
3950.0,8,2761.0,345.125,0.0,8,6171.0,0.0,8,6171.0
3955.0,8,2801.0,311.22222222222223,1.396268646698445,8,6181.0,0.09392945309122798,8,6181.0
3960.0,8,2841.0,315.6666666666667,1.6229908571110079,8,6191.0,0.10918145583299381,8,6191.0
3965.0,8,2881.0,320.1111111111111,1.6087075243830549,8,6201.0,0.10822059086289725,8,6201.0
3970.0,8,2921.0,324.55555555555554,1.6167692530819808,8,6211.0,0.10876291756302797,8,6211.0
3975.0,8,2961.0,329.0,1.6136845563820121,8,6221.0,0.1085554045785708,8,6221.0
3980.0,8,3001.0,333.44444444444446,1.6488675012560843,8,6231.0,0.11092222329785853,8,6231.0
3985.0,7,2743.0,304.77777777777777,1.679993593250119,7,6240.0,0.11320397749080974,7,6240.0
3990.0,7,2778.0,308.6666666666667,2.092619175233389,7,5948.0,0.12406117519034689,7,5948.0
3995.0,7,2813.0,312.55555555555554,2.4231416781869894,7,5953.0,0.12135022166916432,7,5953.0
4000.0,7,2848.0,316.44444444444446,2.9082981300045914,7,5958.0,0.12221928697007964,7,5958.0
4005.0,7,2883.0,320.3333333333333,1.6564001400656672,7,5963.0,0.006456686305141741,7,5963.0
4010.0,8,2922.0,324.6666666666667,1.5719735930195617,8,5972.0,0.0,8,5972.0
4015.0,8,2962.0,329.1111111111111,1.5280679008962712,8,5982.0,0.0,8,5982.0
4020.0,8,3002.0,333.55555555555554,1.539228042568279,8,5992.0,0.0,8,5992.0
4025.0,8,3042.0,338.0,1.559446944615899,8,6002.0,0.0,8,6002.0
4030.0,8,3082.0,342.44444444444446,1.5693096721403013,8,6024.0,0.0,8,6024.0
4035.0,8,3122.0,346.8888888888889,1.5753664556541915,8,6063.0,0.0,8,6063.0
4040.0,8,3162.0,351.3333333333333,1.5551593985163215,8,6099.0,0.0,8,6099.0
4045.0,8,3202.0,355.77777777777777,1.560557182936507,8,6121.0,0.0,8,6121.0
4050.0,8,3242.0,405.25,0.0,8,6131.0,0.0,8,6131.0
4055.0,8,3282.0,410.25,0.0,8,6141.0,0.0,8,6141.0
4060.0,8,3322.0,415.25,0.0,8,6151.0,0.0,8,6151.0
4065.0,8,3362.0,420.25,0.0,8,6161.0,0.0,8,6161.0
4070.0,8,3402.0,425.25,0.0,8,6171.0,0.0,8,6171.0
4075.0,8,3442.0,430.25,0.0,8,6181.0,0.0,8,6181.0
4080.0,8,3482.0,435.25,0.0,8,6191.0,0.0,8,6191.0
4085.0,8,3522.0,440.25,0.0,8,6201.0,0.0,8,6201.0
4090.0,8,3562.0,445.25,0.0,8,6211.0,0.0,8,6211.0
4095.0,8,3602.0,450.25,0.0,8,6221.0,0.0,8,6221.0
4100.0,8,3642.0,455.25,0.0,8,6231.0,0.0,8,6231.0
4105.0,8,3682.0,460.25,0.0,8,6241.0,0.0,8,6241.0
4110.0,8,3722.0,465.25,0.0,8,6251.0,0.0,8,6251.0
4115.0,8,3762.0,470.25,0.0,8,6261.0,0.0,8,6261.0
4120.0,8,3802.0,475.25,0.0,8,6271.0,0.0,8,6271.0
4125.0,8,3842.0,480.25,0.0,8,6281.0,0.0,8,6281.0
4130.0,8,3882.0,485.25,0.0,8,6291.0,0.0,8,6291.0
4135.0,8,3922.0,490.25,0.0,8,6301.0,0.0,8,6301.0
4140.0,8,3962.0,495.25,0.0,8,6311.0,0.0,8,6311.0
4145.0,8,4002.0,500.25,0.0,8,6321.0,0.0,8,6321.0
4150.0,8,4042.0,505.25,0.0,8,6331.0,0.0,8,6331.0
4155.0,8,4082.0,510.25,0.0,8,6341.0,0.0,8,6341.0
4160.0,8,4122.0,515.25,0.0,8,6351.0,0.0,8,6351.0
4165.0,8,4162.0,520.25,0.0,8,6361.0,0.0,8,6361.0
4170.0,8,4202.0,525.25,0.0,8,6371.0,0.0,8,6371.0
4175.0,8,4242.0,530.25,0.0,8,6381.0,0.0,8,6381.0
4180.0,8,4282.0,475.77777777777777,1.1111111111111112,8,6391.0,0.07331463707447443,8,6391.0
4185.0,8,4322.0,480.22222222222223,1.5278789440635592,8,6401.0,0.10081430124997595,8,6401.0
4190.0,8,4362.0,484.6666666666667,1.6648532703075243,8,6411.0,0.1098523019653632,8,6411.0
4195.0,8,4402.0,489.1111111111111,1.6724142717814585,8,6421.0,0.11035120083644617,8,6421.0
4200.0,8,4442.0,493.55555555555554,1.6802668013968294,8,6431.0,0.11086933565942689,8,6431.0
4205.0,8,4482.0,498.0,1.6496141490315703,8,6441.0,0.10884677638425079,8,6441.0
4210.0,8,4522.0,502.44444444444446,1.6425276204629382,8,6451.0,0.10837918474113635,8,6451.0
4215.0,8,4562.0,506.8888888888889,1.6326089706656104,8,6459.0,0.10772472075199244,8,6459.0
4220.0,8,4602.0,511.3333333333333,1.6772399162999143,8,6464.0,0.11066961217531507,8,6464.0
4225.0,8,4642.0,515.7777777777778,1.6328465919937831,8,6469.0,0.10774039976128497,8,6469.0
4230.0,8,4682.0,520.2222222222222,1.4923973773110686,8,6475.0,0.0984731148796126,8,6475.0
4235.0,9,4723.0,524.7777777777778,0.006139868143654397,9,6501.0,0.00040512798417343424,9,6501.0
4240.0,9,4768.0,529.7777777777778,0.0,9,6545.0,0.0,9,6545.0
4245.0,9,4813.0,481.3,1.0,9,6579.0,0.07525268157286834,9,6579.0
4250.0,9,4858.0,485.8,1.2897145193381152,9,6596.0,0.09705447604365613,9,6596.0
4255.0,9,4903.0,490.3,1.326473368141699,9,6606.0,0.09982067798765742,9,6606.0
4260.0,9,4948.0,494.8,1.3048157314382411,9,6616.0,0.09819088274919126,9,6616.0
4265.0,9,4993.0,499.3,1.295562177648201,9,6626.0,0.09749452801241194,9,6626.0
4270.0,9,5038.0,503.8,1.3183291540908546,9,6636.0,0.09920780404102794,9,6636.0
4275.0,9,5083.0,508.3,1.321682007362499,9,6646.0,0.09946011524063957,9,6646.0
4280.0,9,5128.0,512.8,1.2951221569286577,9,6656.0,0.0974614152733187,9,6656.0
4285.0,9,5173.0,517.3,1.3076669677122414,9,6666.0,0.0984054459246076,9,6666.0
4290.0,9,5218.0,521.8,1.2985775312486953,9,6676.0,0.09772144145673956,9,6676.0
4295.0,9,5263.0,526.3,1.3134336066626862,9,6686.0,0.09883940096929113,9,6686.0
4300.0,9,5308.0,530.8,1.307548366844087,9,6708.0,0.09839652089124212,9,6708.0
4305.0,9,5353.0,535.3,1.037158903008447,9,6750.0,0.0,9,6750.0
4310.0,9,5398.0,539.8,1.3244752773394726,9,6791.0,0.0,9,6791.0
4315.0,9,5443.0,544.3,1.2976120085533627,9,6813.0,0.0,9,6813.0
4320.0,9,5488.0,498.90909090909093,2.125254322993477,9,6824.0,0.0779436920091637,9,6824.0
4325.0,9,5533.0,503.0,2.4180218207544,9,6837.0,0.09911822262783274,9,6837.0
4330.0,9,5578.0,507.09090909090907,2.3700915303292884,9,6870.0,0.09683497351340954,9,6870.0
4335.0,9,5623.0,511.1818181818182,2.39269767409952,9,6914.0,0.09921459943147054,9,6914.0
4340.0,9,5668.0,515.2727272727273,2.4061697454403355,9,6946.0,0.09832436899008289,9,6946.0
4345.0,9,5713.0,519.3636363636364,2.3953864812491066,9,6962.0,0.09750698153726617,9,6962.0
4350.0,9,5758.0,523.4545454545455,2.3891144189708386,9,6972.0,0.09911647194725051,9,6972.0
4355.0,9,5803.0,527.5454545454545,2.377135603184891,9,6992.0,0.09761644353933552,9,6992.0
4360.0,9,5848.0,531.6363636363636,2.388254795576948,9,7032.0,0.09680446574965142,9,7032.0
4365.0,9,5893.0,589.3,1.323809750666006,9,7070.0,0.0981632274320232,9,7070.0
4370.0,9,5938.0,593.8,1.3316856638147518,9,7090.0,0.0987472426602433,9,7090.0
4375.0,9,5983.0,598.3,1.223356254564892,9,7101.0,0.09071439320251662,9,7101.0
4380.0,10,6029.0,602.9,0.0008453536593880413,10,7115.0,6.268471997978032e-05,10,7115.0
4385.0,10,6079.0,607.9,0.0,10,7155.0,0.0,10,7155.0
4390.0,10,6129.0,612.9,0.0,10,7197.0,0.0,10,7197.0
4395.0,8,5774.0,577.4,0.16456238976679743,8,7221.0,0.01159166421783602,8,7221.0
4400.0,8,5814.0,581.4,0.884214995673392,8,6823.0,0.0,8,6823.0
4405.0,8,5854.0,585.4,1.5440779167460277,8,6828.0,0.0,8,6828.0
4410.0,8,5894.0,589.4,2.254800766054541,8,6833.0,0.0,8,6833.0
4415.0,8,5934.0,593.4,2.8158565595246197,8,6838.0,0.0,8,6838.0
4420.0,8,5974.0,597.4,2.776113376949289,8,6843.0,0.0,8,6843.0
4425.0,8,6014.0,601.4,2.7742336293182612,8,6848.0,0.0,8,6848.0
4430.0,8,6054.0,605.4,2.78677558564472,8,6853.0,0.0,8,6853.0
4435.0,8,6094.0,609.4,2.7721007056849354,8,6858.0,0.0,8,6858.0
4440.0,8,6134.0,613.4,2.8006598373608007,8,6863.0,0.0,8,6863.0
4445.0,8,6174.0,617.4,2.759728328100247,8,6868.0,0.0,8,6868.0
4450.0,8,6214.0,621.4,2.794802645939709,8,6873.0,0.0,8,6873.0
4455.0,8,6254.0,625.4,2.774767844817908,8,6878.0,0.0,8,6878.0
4460.0,8,6294.0,699.3333333333334,1.4781537185155087,8,6883.0,0.0,8,6883.0
4465.0,8,6334.0,791.75,0.0,8,6888.0,0.0,8,6888.0
4470.0,8,6374.0,796.75,0.0,8,6893.0,0.0,8,6893.0
4475.0,8,6414.0,801.75,0.0,8,6898.0,0.0,8,6898.0
4480.0,8,6454.0,806.75,0.0,8,6903.0,0.0,8,6903.0
4485.0,8,6494.0,811.75,0.0,8,6908.0,0.0,8,6908.0
4490.0,8,6534.0,816.75,0.0,8,6913.0,0.0,8,6913.0
4495.0,8,6574.0,821.75,0.0,8,6918.0,0.0,8,6918.0
4500.0,8,6614.0,826.75,0.0,8,6923.0,0.0,8,6923.0
4505.0,8,6654.0,831.75,0.0,8,6928.0,0.0,8,6928.0
4510.0,8,6694.0,836.75,0.0,8,6933.0,0.0,8,6933.0
4515.0,8,6734.0,841.75,0.0,8,6938.0,0.0,8,6938.0
4520.0,8,6774.0,846.75,0.0,8,6943.0,0.0,8,6943.0
4525.0,8,6814.0,851.75,0.0,8,6948.0,0.0,8,6948.0
4530.0,8,6854.0,856.75,0.0,8,6953.0,0.0,8,6953.0
4535.0,8,6894.0,861.75,0.0,8,6958.0,0.0,8,6958.0
4540.0,8,6934.0,866.75,0.0,8,6963.0,0.0,8,6963.0
4545.0,8,6974.0,871.75,0.0,8,6968.0,0.0,8,6968.0
4550.0,8,7014.0,876.75,0.0,8,6973.0,0.0,8,6973.0
4555.0,8,7054.0,881.75,0.0,8,6978.0,0.0,8,6978.0
4560.0,8,7094.0,886.75,0.0,8,6983.0,0.0,8,6983.0
4565.0,8,7134.0,891.75,0.0,8,6988.0,0.0,8,6988.0
4570.0,8,7174.0,896.75,0.0,8,6993.0,0.0,8,6993.0
4575.0,8,7214.0,901.75,0.0,8,6998.0,0.0,8,6998.0
4580.0,8,7254.0,906.75,0.0,8,7003.0,0.0,8,7003.0
4585.0,8,7294.0,911.75,0.0,8,7016.0,0.0,8,7016.0
4590.0,8,7334.0,916.75,0.0,8,7048.0,0.0,8,7048.0
4595.0,8,7374.0,921.75,0.0,8,7073.0,0.0,8,7073.0
4600.0,8,7414.0,926.75,0.0,8,7082.0,0.0,8,7082.0
4605.0,8,7454.0,931.75,0.0,8,7087.0,0.0,8,7087.0
4610.0,8,7494.0,936.75,0.0,8,7092.0,0.0,8,7092.0
4615.0,8,7534.0,941.75,0.0,8,7097.0,0.0,8,7097.0
4620.0,8,7574.0,946.75,0.0,8,7102.0,0.0,8,7102.0
4625.0,8,7614.0,951.75,0.0,8,7107.0,0.0,8,7107.0
4630.0,8,7654.0,956.75,0.0,8,7112.0,0.0,8,7112.0
4635.0,8,7694.0,961.75,0.0,8,7117.0,0.0,8,7117.0
4640.0,8,7734.0,966.75,0.0,8,7122.0,0.0,8,7122.0
4645.0,8,7774.0,971.75,0.0,8,7127.0,0.0,8,7127.0
4650.0,8,7814.0,976.75,0.0,8,7132.0,0.0,8,7132.0
4655.0,8,7854.0,981.75,0.0,8,7137.0,0.0,8,7137.0
4660.0,8,7894.0,986.75,0.0,8,7142.0,0.0,8,7142.0
4665.0,8,7934.0,991.75,0.0,8,7147.0,0.0,8,7147.0
4670.0,8,7974.0,996.75,0.0,8,7152.0,0.0,8,7152.0
4675.0,8,8014.0,1001.75,0.0,8,7157.0,0.0,8,7157.0
4680.0,8,8054.0,1006.75,0.0,8,7162.0,0.0,8,7162.0
4685.0,8,8094.0,1011.75,0.0,8,7167.0,0.0,8,7167.0
4690.0,8,8134.0,1016.75,0.0,8,7172.0,0.0,8,7172.0
4695.0,8,8174.0,1021.75,0.0,8,7177.0,0.0,8,7177.0
4700.0,8,8214.0,1026.75,0.0,8,7182.0,0.0,8,7182.0
4705.0,8,8254.0,1031.75,0.0,8,7187.0,0.0,8,7187.0
4710.0,8,8294.0,1036.75,0.0,8,7192.0,0.0,8,7192.0
4715.0,8,8334.0,1041.75,0.0,8,7197.0,0.0,8,7197.0
4720.0,8,8374.0,1046.75,0.0,8,7202.0,0.0,8,7202.0
4725.0,8,8414.0,1051.75,0.0,8,7207.0,0.0,8,7207.0
4730.0,8,8454.0,1056.75,0.0,8,7212.0,0.0,8,7212.0
4735.0,8,8494.0,1061.75,0.0,8,7217.0,0.0,8,7217.0
4740.0,8,8534.0,1066.75,0.0,8,7222.0,0.0,8,7222.0
4745.0,8,8574.0,1071.75,0.0,8,7227.0,0.0,8,7227.0
4750.0,8,8614.0,1076.75,0.0,8,7232.0,0.0,8,7232.0
4755.0,8,8654.0,1081.75,0.0,8,7237.0,0.0,8,7237.0
4760.0,8,8694.0,1086.75,0.0,8,7242.0,0.0,8,7242.0
4765.0,8,8734.0,1091.75,0.0,8,7247.0,0.0,8,7247.0
4770.0,8,8774.0,1096.75,0.0,8,7252.0,0.0,8,7252.0
4775.0,8,8814.0,1101.75,0.0,8,7257.0,0.0,8,7257.0
4780.0,8,8854.0,1106.75,0.0,8,7262.0,0.0,8,7262.0
4785.0,8,8894.0,1111.75,0.0,8,7267.0,0.0,8,7267.0
4790.0,8,8934.0,1116.75,0.0,8,7272.0,0.0,8,7272.0
4795.0,8,8974.0,1121.75,0.0,8,7277.0,0.0,8,7277.0
4800.0,8,9014.0,1126.75,0.0,8,7282.0,0.0,8,7282.0
4805.0,8,9054.0,1131.75,0.0,8,7287.0,0.0,8,7287.0
4810.0,8,9094.0,1136.75,0.0,8,7292.0,0.0,8,7292.0
4815.0,8,9134.0,1141.75,0.0,8,7297.0,0.0,8,7297.0
4820.0,8,9174.0,1146.75,0.0,8,7302.0,0.0,8,7302.0
4825.0,8,9214.0,1151.75,0.0,8,7307.0,0.0,8,7307.0
4830.0,8,9254.0,1156.75,0.0,8,7312.0,0.0,8,7312.0
4835.0,8,9294.0,1161.75,0.0,8,7317.0,0.0,8,7317.0
4840.0,8,9334.0,1166.75,0.0,8,7322.0,0.0,8,7322.0
4845.0,8,9374.0,1171.75,0.0,8,7327.0,0.0,8,7327.0
4850.0,8,9414.0,1176.75,0.0,8,7332.0,0.0,8,7332.0
4855.0,8,9454.0,1181.75,0.0,8,7337.0,0.0,8,7337.0
4860.0,8,9494.0,1186.75,0.0,8,7342.0,0.0,8,7342.0
4865.0,8,9534.0,1191.75,0.0,8,7347.0,0.0,8,7347.0
4870.0,8,9574.0,1196.75,0.0,8,7352.0,0.0,8,7352.0
4875.0,8,9614.0,1201.75,0.0,8,7357.0,0.0,8,7357.0
4880.0,8,9654.0,1206.75,0.0,8,7362.0,0.0,8,7362.0
4885.0,8,9694.0,1211.75,0.0,8,7367.0,0.0,8,7367.0
4890.0,8,9734.0,1216.75,0.0,8,7372.0,0.0,8,7372.0
4895.0,8,9774.0,1221.75,0.0,8,7377.0,0.0,8,7377.0
4900.0,8,9814.0,1226.75,0.0,8,7382.0,0.0,8,7382.0
4905.0,8,9854.0,1231.75,0.0,8,7387.0,0.0,8,7387.0
4910.0,8,9894.0,1236.75,0.0,8,7392.0,0.0,8,7392.0
4915.0,8,9934.0,1241.75,0.0,8,7397.0,0.0,8,7397.0
4920.0,8,9974.0,1246.75,0.0,8,7402.0,0.0,8,7402.0
4925.0,8,10014.0,1251.75,0.0,8,7407.0,0.0,8,7407.0
4930.0,8,10054.0,1256.75,0.0,8,7412.0,0.0,8,7412.0
4935.0,8,10094.0,1261.75,0.0,8,7417.0,0.0,8,7417.0
4940.0,8,10134.0,1266.75,0.0,8,7422.0,0.0,8,7422.0
4945.0,8,10174.0,1271.75,0.0,8,7427.0,0.0,8,7427.0
4950.0,8,10214.0,1276.75,0.0,8,7432.0,0.0,8,7432.0
4955.0,8,10254.0,1281.75,0.0,8,7437.0,0.0,8,7437.0
4960.0,8,10294.0,1286.75,0.0,8,7442.0,0.0,8,7442.0
4965.0,8,10334.0,1291.75,0.0,8,7447.0,0.0,8,7447.0
4970.0,8,10374.0,1296.75,0.0,8,7452.0,0.0,8,7452.0
4975.0,8,10414.0,1301.75,0.0,8,7457.0,0.0,8,7457.0
4980.0,8,10454.0,1306.75,0.0,8,7462.0,0.0,8,7462.0
4985.0,8,10494.0,1311.75,0.0,8,7467.0,0.0,8,7467.0
4990.0,8,10534.0,1316.75,0.0,8,7472.0,0.0,8,7472.0
4995.0,8,10574.0,1321.75,0.0,8,7477.0,0.0,8,7477.0
5000.0,8,10614.0,1326.75,0.0,8,7482.0,0.0,8,7482.0
